-- phpMyAdmin SQL Dump
-- version 4.5.4.1deb2ubuntu2.1
-- http://www.phpmyadmin.net
--
-- Host: localhost
-- Generation Time: Jul 08, 2020 at 03:13 PM
-- Server version: 5.7.30-0ubuntu0.16.04.1
-- PHP Version: 7.0.33-0ubuntu0.16.04.15

SET SQL_MODE = "NO_AUTO_VALUE_ON_ZERO";
SET time_zone = "+00:00";


/*!40101 SET @OLD_CHARACTER_SET_CLIENT=@@CHARACTER_SET_CLIENT */;
/*!40101 SET @OLD_CHARACTER_SET_RESULTS=@@CHARACTER_SET_RESULTS */;
/*!40101 SET @OLD_COLLATION_CONNECTION=@@COLLATION_CONNECTION */;
/*!40101 SET NAMES utf8mb4 */;

--
-- Database: `project-ohms`
--

-- --------------------------------------------------------

--
-- Table structure for table `barangay`
--

CREATE TABLE `barangay` (
  `id` int(11) NOT NULL,
  `barangay` varchar(100) NOT NULL
) ENGINE=InnoDB DEFAULT CHARSET=utf8mb4;

--
-- Dumping data for table `barangay`
--

INSERT INTO `barangay` (`id`, `barangay`) VALUES
(1, 'Addition Hills'),
(2, 'Bagong Silang'),
(3, 'Barangka Drive'),
(4, 'Barangka Ibaba'),
(5, 'Barangka Ilaya'),
(6, 'Barangka Itaas'),
(7, 'Buayang Bato'),
(8, 'Burol'),
(9, 'Daang Bakal'),
(10, 'Hagdang Bato Itaas'),
(11, 'Hagdang Bato Libis'),
(12, 'Harapin Ang Bukas'),
(13, 'Highway Hills'),
(14, 'Hulo'),
(15, 'Mabini-J. Rizal'),
(16, 'Malamig'),
(17, 'Mauway'),
(18, 'Namayan'),
(19, 'New Zaniga'),
(20, 'Old Zaniga'),
(21, 'Pag-Asa'),
(22, 'Plainview'),
(23, 'Pleasant Hills'),
(24, 'Poblacion'),
(25, 'San Jose'),
(26, 'Vergara'),
(27, 'Wack-Wack Green Hills East');

-- --------------------------------------------------------

--
-- Table structure for table `diagnostic_logs`
--

CREATE TABLE `diagnostic_logs` (
  `id` int(11) NOT NULL,
  `patient_id` int(11) NOT NULL,
  `examination_date` date DEFAULT NULL,
  `diagnostic_type` varchar(50) NOT NULL,
  `image_location` varchar(200) NOT NULL,
  `remarks` text NOT NULL,
  `created_at` datetime NOT NULL DEFAULT CURRENT_TIMESTAMP
) ENGINE=InnoDB DEFAULT CHARSET=utf8mb4;

--
-- Dumping data for table `diagnostic_logs`
--

INSERT INTO `diagnostic_logs` (`id`, `patient_id`, `examination_date`, `diagnostic_type`, `image_location`, `remarks`, `created_at`) VALUES
(1, 394, '2020-06-13', 'TST Examination', 'http://122.53.152.8/ohms/api/uploads/TST/200097(2020-06-13).png', 'test', '2020-06-12 22:39:02'),
(2, 392, '2020-06-13', 'CXR Examination', 'http://122.53.152.8/ohms/api/uploads/CXR/200095(2020-06-13).png', 'test', '2020-06-12 22:41:52'),
(3, 384, '2020-06-13', 'Sputum Examination', 'http://122.53.152.8/ohms/api/uploads/Sputum/200087(2020-06-13).png', 'test', '2020-06-12 23:01:28'),
(4, 384, '2020-06-13', 'Sputum Examination', 'http://122.53.152.8/ohms/api/uploads/Sputum/200087(2020-06-13).png', 'test', '2020-06-12 23:01:32'),
(5, 384, '2020-06-13', 'Sputum Examination', 'http://122.53.152.8/ohms/api/uploads/Sputum/200087(2020-06-13).png', 'test', '2020-06-12 23:01:42'),
(6, 387, '2020-06-15', 'TST Examination', 'http://122.53.152.8/ohms/api/uploads/TST/200090(2020-06-15).png', 'test', '2020-06-15 02:13:03'),
(7, 382, '2020-06-15', 'CXR Examination', 'http://122.53.152.8/ohms/api/uploads/CXR/200085(2020-06-15).jpeg', 'test', '2020-06-15 02:39:11'),
(8, 397, '2020-06-09', 'CXR Examination', 'http://122.53.152.8/ohms/api/uploads/CXR/200100(2020-06-16).jpeg', 'bg', '2020-06-16 13:35:01'),
(9, 377, '2020-06-16', 'Sputum Examination', 'http://122.53.152.8/ohms/api/uploads/Sputum/200080(2020-06-16).jpeg', 'Sputum Exam Result', '2020-06-16 17:56:30'),
(10, 377, '2020-06-16', 'Sputum Examination', 'http://122.53.152.8/ohms/api/uploads/Sputum/200080(2020-06-16).jpeg', 'Sputum Exam Result', '2020-06-16 17:56:30'),
(11, 399, '2020-06-16', 'CXR Examination', 'http://122.53.152.8/ohms/api/uploads/CXR/200102(2020-06-16).jpeg', 'test', '2020-06-16 18:12:40'),
(12, 371, '2020-06-16', 'TST Examination', 'http://122.53.152.8/ohms/api/uploads/TST/200074(2020-06-16).jpeg', 'TST Exam Result.', '2020-06-16 19:23:05'),
(13, 391, '2020-06-19', 'TST Examination', 'http://122.53.152.8/ohms/api/uploads/TST/200094(2020-06-19).jpeg', 'TST Exam Result', '2020-06-19 16:17:38'),
(14, 381, '2020-06-17', 'CXR Examination', 'http://122.53.152.8/ohms/api/uploads/CXR/200084(2020-06-19).jpeg', 'CXR Exam Result.', '2020-06-19 16:19:23'),
(15, 348, '2020-06-18', 'Sputum Examination', 'http://122.53.152.8/ohms/api/uploads/Sputum/200051(2020-06-19).jpeg', 'Sputum Result.', '2020-06-19 16:21:33'),
(16, 350, '2020-06-18', 'Sputum Examination', 'http://122.53.152.8/ohms/api/uploads/Sputum/200053(2020-06-19).jpeg', 'Sputum Result.', '2020-06-19 16:22:20'),
(17, 355, '2020-06-18', 'Sputum Examination', 'http://122.53.152.8/ohms/api/uploads/Sputum/200058(2020-06-19).jpeg', 'Sputum Result.', '2020-06-19 16:23:43'),
(18, 395, '2020-06-22', 'TST Examination', 'http://122.53.152.8/ohms/api/uploads/TST/200098(2020-06-23).jpeg', 'TST result.', '2020-06-23 16:50:25'),
(19, 398, '2020-05-13', 'TST Examination', 'http://122.53.152.8/ohms/api/uploads/TST/200101(2020-06-23).jpeg', 'tst result', '2020-06-23 17:11:27'),
(20, 400, '2020-06-16', 'TST Examination', 'http://122.53.152.8/ohms/api/uploads/TST/200103(2020-06-23).jpeg', 'result', '2020-06-23 17:21:39'),
(21, 380, '2020-06-24', 'Sputum Examination', 'http://122.53.152.8/ohms/api/uploads/Sputum/200083(2020-06-25).jpeg', 'test', '2020-06-25 14:18:15'),
(22, 401, '2020-07-01', 'TST Examination', 'http://122.53.152.8/ohms/api/uploads/TST/200104(2020-07-06).jpeg', 'TST result.\n', '2020-07-06 03:34:32');

-- --------------------------------------------------------

--
-- Table structure for table `doctor_schedule`
--

CREATE TABLE `doctor_schedule` (
  `id` int(11) NOT NULL,
  `uid` int(11) NOT NULL,
  `schedule` text
) ENGINE=InnoDB DEFAULT CHARSET=utf8mb4;

--
-- Dumping data for table `doctor_schedule`
--

INSERT INTO `doctor_schedule` (`id`, `uid`, `schedule`) VALUES
(1, 5, '10:00 AM-4:00 PM,10:00 AM-4:00 PM,12:00 PM-4:00 PM,10:00 AM-4:00 PM,10:00 AM-4:00 PM,None,None'),
(2, 15, '6:00 AM-5:00 PM,None,None,None,None,None,None'),
(3, 17, 'None,9:00 AM-5:00 PM,9:00 AM-5:00 PM,9:00 AM-5:00 PM,9:00 AM-5:00 PM,None,None'),
(4, 18, '7:00 AM-2:00 PM,7:00 AM-5:00 PM,8:00 AM-2:00 PM,8:00 AM-3:00 PM,11:00 AM-6:00 PM,None,None');

-- --------------------------------------------------------

--
-- Table structure for table `intake_logs`
--

CREATE TABLE `intake_logs` (
  `id` int(11) NOT NULL,
  `patient_id` int(11) NOT NULL,
  `intake_value` varchar(100) NOT NULL,
  `date_intake` date DEFAULT NULL
) ENGINE=InnoDB DEFAULT CHARSET=utf8mb4;

-- --------------------------------------------------------

--
-- Table structure for table `medicines`
--

CREATE TABLE `medicines` (
  `id` int(11) NOT NULL,
  `brandname` varchar(100) DEFAULT NULL,
  `genericname` varchar(100) DEFAULT NULL,
  `manufacturer` varchar(100) DEFAULT NULL,
  `expiration` date DEFAULT NULL,
  `description` varchar(255) NOT NULL,
  `is_primary` enum('Y','N') NOT NULL DEFAULT 'N',
  `is_active` enum('Y','N') NOT NULL DEFAULT 'Y'
) ENGINE=InnoDB DEFAULT CHARSET=utf8mb4;

--
-- Dumping data for table `medicines`
--

INSERT INTO `medicines` (`id`, `brandname`, `genericname`, `manufacturer`, `expiration`, `description`, `is_primary`, `is_active`) VALUES
(20, 'Myambutol', 'Ethambutol', 'VersaPharm Inc. - an Akorn Company', '2025-07-07', 'Tablet, film coated', 'Y', 'Y'),
(21, 'Niazid', 'Isoniazid', 'Lannett Company, Inc.', '2025-06-09', 'Tablet', 'Y', 'Y'),
(22, 'Rifampin', 'Rifadin', 'Lannett Company, Inc.	', '2020-07-06', 'Tablet', 'Y', 'Y'),
(23, 'Rifater', 'Pyrazinamide', 'Festiva Pharma', '2025-07-07', 'Tablet', 'Y', 'Y'),
(24, 'INH', 'Isoniazid', 'Lannett Company, Inc.', '2025-07-07', 'Tablet', 'Y', 'Y'),
(27, 'TEST', 'test', 'test', '2020-06-01', 'test', 'Y', 'N'),
(28, 'Test', 'Test', 'Test', '2020-06-26', 'test', 'Y', 'N'),
(29, 'Bio', 'Gesic', 'ako', '2020-06-25', 'like end', 'N', 'N'),
(30, 'test', 'test', 'test', '2020-06-06', 'hahaha', 'Y', 'N'),
(31, 'test1', 'test1', 'wqwe', '2020-06-08', 'haha', 'Y', 'N');

-- --------------------------------------------------------

--
-- Table structure for table `messages`
--

CREATE TABLE `messages` (
  `id` int(11) NOT NULL,
  `doctor_id` int(11) NOT NULL,
  `patient_id` int(11) NOT NULL,
  `message_from` varchar(50) DEFAULT NULL,
  `message` text NOT NULL,
  `doctor_seen` enum('Y','N') NOT NULL DEFAULT 'N',
  `patient_seen` enum('Y','N') NOT NULL DEFAULT 'N',
  `created_at` timestamp NOT NULL DEFAULT CURRENT_TIMESTAMP
) ENGINE=InnoDB DEFAULT CHARSET=utf8mb4;

--
-- Dumping data for table `messages`
--

INSERT INTO `messages` (`id`, `doctor_id`, `patient_id`, `message_from`, `message`, `doctor_seen`, `patient_seen`, `created_at`) VALUES
(1, 1, 397, 'doctor', 'what up', 'Y', 'N', '2020-06-06 09:42:20'),
(2, 1, 387, 'doctor', 'Mich', 'Y', 'Y', '2020-06-15 09:14:58'),
(3, 1, 387, 'patient', 'hello doc', 'N', 'Y', '2020-06-15 09:16:52'),
(4, 1, 377, 'doctor', 'hi', 'Y', 'Y', '2020-06-16 09:59:02'),
(5, 1, 399, 'doctor', 'hi', 'Y', 'Y', '2020-06-16 10:13:30'),
(6, 1, 371, 'doctor', 'hi', 'Y', 'N', '2020-06-16 11:23:46'),
(7, 1, 395, 'doctor', 'test', 'Y', 'Y', '2020-06-22 16:38:14'),
(8, 1, 395, 'patient', 'hello', 'Y', 'Y', '2020-06-22 16:41:38'),
(9, 1, 395, 'patient', 'hi!', 'Y', 'Y', '2020-06-22 16:41:41'),
(10, 1, 395, 'doctor', 'hi', 'Y', 'Y', '2020-06-23 08:46:30'),
(11, 1, 395, 'patient', 'hi', 'Y', 'Y', '2020-06-23 08:46:56'),
(12, 1, 395, 'patient', ':)', 'Y', 'Y', '2020-06-23 08:47:13'),
(13, 1, 380, 'doctor', 'nilgant ako doc dahil ata po sa gamot', 'Y', 'Y', '2020-06-25 06:25:10'),
(14, 1, 380, 'patient', 'hi doc', 'N', 'Y', '2020-06-25 06:30:19'),
(15, 1, 380, 'patient', 'hi doc', 'N', 'Y', '2020-06-25 06:46:47'),
(16, 17, 394, 'doctor', 'Hello Sir Mentos', 'Y', 'Y', '2020-06-30 07:47:25'),
(17, 17, 394, 'patient', 'Good day Doc', 'Y', 'Y', '2020-06-30 07:48:48');

-- --------------------------------------------------------

--
-- Table structure for table `patients`
--

CREATE TABLE `patients` (
  `id` int(11) NOT NULL,
  `patient_id` int(11) NOT NULL,
  `firstname` varchar(30) DEFAULT NULL,
  `middlename` varchar(30) DEFAULT NULL,
  `lastname` varchar(30) DEFAULT NULL,
  `username` varchar(30) NOT NULL,
  `password` varchar(100) NOT NULL,
  `dateofbirth` date NOT NULL,
  `consultationdate` date NOT NULL,
  `doctor_id` int(11) DEFAULT NULL,
  `gender` varchar(10) DEFAULT NULL,
  `mobilenumber` varchar(20) DEFAULT NULL,
  `status` varchar(20) DEFAULT 'New',
  `drtb` varchar(10) NOT NULL,
  `category` varchar(10) DEFAULT NULL,
  `address` varchar(200) DEFAULT NULL,
  `street` varchar(50) NOT NULL,
  `barangay` varchar(50) NOT NULL,
  `city` varchar(50) NOT NULL,
  `remarks` varchar(200) DEFAULT ' ',
  `medicine_schedule` varchar(150) DEFAULT NULL,
  `datestart` date DEFAULT NULL,
  `dateend` date DEFAULT NULL,
  `token` varchar(100) NOT NULL,
  `created_at` datetime NOT NULL DEFAULT CURRENT_TIMESTAMP
) ENGINE=InnoDB DEFAULT CHARSET=utf8mb4;

--
-- Dumping data for table `patients`
--

INSERT INTO `patients` (`id`, `patient_id`, `firstname`, `middlename`, `lastname`, `username`, `password`, `dateofbirth`, `consultationdate`, `doctor_id`, `gender`, `mobilenumber`, `status`, `drtb`, `category`, `address`, `street`, `barangay`, `city`, `remarks`, `medicine_schedule`, `datestart`, `dateend`, `token`, `created_at`) VALUES
(1, 170001, 'Owen', 'Lee', 'Qerty', 'owenqerty', 'e66318ba21289a6cb302e4cc723851b6', '1987-12-31', '2017-01-21', NULL, 'Male', '+639124556784', 'Discontinuation', 'Yes', 'Cat I', '1', 'Dao', 'Daaang Bakal', 'Mandaluyong City', NULL, NULL, NULL, NULL, 'UnJBiLGiUE', '2020-06-10 17:04:36'),
(2, 170002, 'Owe', 'Lee', 'Qerty', 'oweqerty', 'e66318ba21289a6cb302e4cc723851b6', '1987-12-31', '2017-01-22', NULL, 'Male', '+639124556784', 'Success', 'Yes', 'Cat I', '1', 'Dao', 'Daaang Bakal', 'Mandaluyong City', NULL, NULL, NULL, NULL, 'AdSSeIDsOZ', '2020-06-10 17:06:31'),
(3, 170003, 'Wen', 'Lee', 'Qerty', 'wenqerty', 'e66318ba21289a6cb302e4cc723851b6', '1987-12-31', '2017-01-23', NULL, 'Male', '+639124556784', 'Success', 'No', 'Cat I', '1', 'Dao', 'Daaang Bakal', 'Mandaluyong City', NULL, NULL, NULL, NULL, 'KsWPmLWbRY', '2020-06-10 17:06:31'),
(4, 170004, 'Owey', 'Lee', 'Qerty', 'oweyqerty', 'e66318ba21289a6cb302e4cc723851b6', '1987-12-31', '2017-01-24', NULL, 'Male', '+639124556784', 'Discontinuation', 'No', 'Cat I', '1', 'Dao', 'Daaang Bakal', 'Mandaluyong City', NULL, NULL, NULL, NULL, 'WuCPaEFeCF', '2020-06-10 17:06:31'),
(5, 170005, 'Owenne', 'Lee', 'Qerty', 'owenneqerty', 'e66318ba21289a6cb302e4cc723851b6', '1987-12-31', '2017-01-25', NULL, 'Male', '+639124556784', 'Success', 'Yes', 'Cat I', '1', 'Dao', 'Daaang Bakal', 'Mandaluyong City', NULL, NULL, NULL, NULL, 'CkJGjFMxHV', '2020-06-10 17:06:31'),
(6, 170006, 'Owenthy', 'Lee', 'Qerty', 'owenthyqerty', 'e66318ba21289a6cb302e4cc723851b6', '1987-12-31', '2017-01-26', NULL, 'Male', '+639124556784', 'Success', 'Yes', 'Cat II', '1', 'Dao', 'Daaang Bakal', 'Mandaluyong City', NULL, NULL, NULL, NULL, 'YoAGcQJzWS', '2020-06-10 17:06:31'),
(7, 170007, 'Sel', 'Lee', 'Qerty', 'selqerty', 'e66318ba21289a6cb302e4cc723851b6', '1987-12-31', '2017-01-27', NULL, 'Male', '+639124556784', 'Discontinuation', 'Yes', 'Cat II', '1', 'Dao', 'Daaang Bakal', 'Mandaluyong City', NULL, NULL, NULL, NULL, 'ToZAtITlYW', '2020-06-10 17:06:31'),
(8, 170008, 'Tanya', 'Lee', 'Qerty', 'tanyaqerty', 'e66318ba21289a6cb302e4cc723851b6', '1987-12-31', '2017-01-28', NULL, 'Male', '+639124556784', 'Discontinuation', 'Yes', 'Cat II', '1', 'Dao', 'Daaang Bakal', 'Mandaluyong City', NULL, NULL, NULL, NULL, 'KsKEeHCvSO', '2020-06-10 17:06:31'),
(9, 170009, 'Doggie', 'Lee', 'Qerty', 'doggieqerty', 'e66318ba21289a6cb302e4cc723851b6', '1987-12-31', '2017-01-29', NULL, 'Male', '+639124556784', 'Discontinuation', 'No', 'Cat II', '1', 'Dao', 'Daaang Bakal', 'Mandaluyong City', NULL, NULL, NULL, NULL, 'CpENfOKkYQ', '2020-06-10 17:06:31'),
(10, 170010, 'Hate', 'Lee', 'Qerty', 'hateqerty', 'e66318ba21289a6cb302e4cc723851b6', '1987-12-31', '2017-01-30', NULL, 'Male', '+639124556784', 'Discontinuation', 'No', 'Cat II', '1', 'Dao', 'Daaang Bakal', 'Mandaluyong City', NULL, NULL, NULL, NULL, 'IaDUuUAqTM', '2020-06-10 17:06:31'),
(11, 170011, 'Chaknu', 'Lee', 'Qerty', 'chaknuqerty', '8794e524fd978b4bff2640dd1cd83722', '1937-12-31', '2017-01-31', NULL, 'Male', '+639124556784', 'Discontinuation', 'Yes', 'Cat II', '1', 'Dao', 'Daaang Bakal', 'Mandaluyong City', NULL, NULL, NULL, NULL, 'QcTXlKCaRL', '2020-06-10 17:06:31'),
(12, 170012, 'James', 'Lee', 'Beiber', 'jamesbeiber', 'f007d1c96ed516b23eb9f72554e738c9', '1992-12-01', '2017-02-02', NULL, 'Male', '+639124556784', 'Discontinuation', 'Yes', 'Cat II', '1', 'Dao', 'Daaang Bakal', 'Mandaluyong City', NULL, NULL, NULL, NULL, 'CmVXnDDeVW', '2020-06-10 17:06:31'),
(13, 170013, 'Jus', 'Lee', 'Beiber', 'jusbeiber', 'f007d1c96ed516b23eb9f72554e738c9', '1992-12-01', '2017-02-03', NULL, 'Male', '+639124556784', 'Discontinuation', 'Yes', 'Cat II', '1', 'Dao', 'Daaang Bakal', 'Mandaluyong City', NULL, NULL, NULL, NULL, 'QeGPcJKtNM', '2020-06-10 17:06:31'),
(14, 170014, 'Tiney', 'Lee', 'Beiber', 'tineybeiber', 'f007d1c96ed516b23eb9f72554e738c9', '1992-12-01', '2017-02-04', NULL, 'Male', '+639124556784', 'Success', 'No', 'Cat II', '1', 'Dao', 'Daaang Bakal', 'Mandaluyong City', NULL, NULL, NULL, NULL, 'GkWAjODmMC', '2020-06-10 17:06:31'),
(15, 170015, 'Justi', 'Lee', 'Beiber', 'justibeiber', 'f007d1c96ed516b23eb9f72554e738c9', '1992-12-01', '2017-02-05', NULL, 'Male', '+639124556784', 'Discontinuation', 'No', 'Cat II', '1', 'Dao', 'Daaang Bakal', 'Mandaluyong City', NULL, NULL, NULL, NULL, 'GgELlLGpSP', '2020-06-10 17:06:31'),
(16, 170016, 'Ustin', 'Lee', 'Beiber', 'ustinbeiber', 'f007d1c96ed516b23eb9f72554e738c9', '1992-12-01', '2017-02-06', NULL, 'Male', '+639124556784', 'Success', 'No', 'Cat II', '1', 'Dao', 'Daaang Bakal', 'Mandaluyong City', NULL, NULL, NULL, NULL, 'PoGKcMXzJQ', '2020-06-10 17:06:31'),
(17, 170017, 'Austin', 'Lee', 'Beiber', 'austinbeiber', 'f007d1c96ed516b23eb9f72554e738c9', '1992-12-01', '2017-02-07', NULL, 'Male', '+639124556784', 'Success', 'No', 'Cat II', '1', 'Dao', 'Daaang Bakal', 'Mandaluyong City', NULL, NULL, NULL, NULL, 'AeDOvWAvIG', '2020-06-10 17:06:31'),
(18, 170018, 'Helcurt', 'Lee', 'Beiber', 'helcurtbeiber', 'f007d1c96ed516b23eb9f72554e738c9', '1992-12-01', '2017-02-08', NULL, 'Male', '+639124556784', 'Success', 'No', 'Cat II', '1', 'Dao', 'Daaang Bakal', 'Mandaluyong City', NULL, NULL, NULL, NULL, 'PbUDaMScLU', '2020-06-10 17:06:31'),
(19, 170019, 'Derty', 'Lee', 'Beiber', 'dertybeiber', 'f007d1c96ed516b23eb9f72554e738c9', '1992-12-01', '2017-02-09', NULL, 'Male', '+639124556784', 'Success', 'No', 'Cat II', '1', 'Dao', 'Daaang Bakal', 'Mandaluyong City', NULL, NULL, NULL, NULL, 'ZrNEiPDwAC', '2020-06-10 17:06:31'),
(20, 170020, 'Pusa', 'Lee', 'Beiber', 'pusabeiber', 'f007d1c96ed516b23eb9f72554e738c9', '1992-12-01', '2017-02-10', NULL, 'Male', '+639124556784', 'Success', 'Yes', 'Cat II', '1', 'Dao', 'Daaang Bakal', 'Mandaluyong City', NULL, NULL, NULL, NULL, 'HqCTfUNrOR', '2020-06-10 17:06:31'),
(21, 170021, 'H2O', 'Lee', 'Beiber', 'hbeiber', 'f007d1c96ed516b23eb9f72554e738c9', '1992-12-01', '2017-02-11', NULL, 'Male', '+639124556784', 'Success', 'No', 'Cat II', '1', 'Dao', 'Daaang Bakal', 'Mandaluyong City', NULL, NULL, NULL, NULL, 'XtBDmOOmHV', '2020-06-10 17:06:31'),
(22, 170022, 'Renejay', 'Lee', 'Beiber', 'renejaybeiber', 'f007d1c96ed516b23eb9f72554e738c9', '1992-12-01', '2017-02-12', NULL, 'Male', '+639124556784', 'Discontinuation', 'Yes', 'Cat II', '1', 'Dao', 'Daaang Bakal', 'Mandaluyong City', NULL, NULL, NULL, NULL, 'EmDBdJJaGO', '2020-06-10 17:06:31'),
(23, 170023, 'Cloee', 'Lee', 'Beiber', 'cloeebeiber', 'f007d1c96ed516b23eb9f72554e738c9', '1992-12-01', '2017-02-13', NULL, 'Male', '+639124556784', 'Discontinuation', 'No', 'Cat II', '1', 'Dao', 'Daaang Bakal', 'Mandaluyong City', NULL, NULL, NULL, NULL, 'EvDCmOMsVQ', '2020-06-10 17:06:31'),
(24, 170024, 'Wen', 'Lee', 'Beiber', 'wenbeiber', 'f007d1c96ed516b23eb9f72554e738c9', '1992-12-01', '2017-02-14', NULL, 'Male', '+639124556784', 'Discontinuation', 'Yes', 'Cat II', '1', 'Dao', 'Daaang Bakal', 'Mandaluyong City', NULL, NULL, NULL, NULL, 'PfLCfPHvRN', '2020-06-10 17:06:31'),
(25, 170025, 'Helbert', 'Lee', 'Beiber', 'helbertbeiber', 'f007d1c96ed516b23eb9f72554e738c9', '1992-12-01', '2017-02-15', NULL, 'Male', '+639124556784', 'Success', 'Yes', 'Cat II', '1', 'Dao', 'Daaang Bakal', 'Mandaluyong City', NULL, NULL, NULL, NULL, 'XuXLzWXtGB', '2020-06-10 17:06:31'),
(26, 170026, 'Delfin', 'Lee', 'Dalisay', 'delfindalisay', '9688bc6e538696b21dd9d43fb12e716d', '1990-01-01', '2017-03-01', NULL, 'Male', '+639124556784', 'Discontinuation', 'Yes', 'Cat II', '1', 'Dao', 'Daaang Bakal', 'Mandaluyong City', NULL, NULL, NULL, NULL, 'WrGFyUCfEH', '2020-06-10 17:06:31'),
(27, 170027, 'Delf', 'Lee', 'Dalisay', 'delfdalisay', '9688bc6e538696b21dd9d43fb12e716d', '1990-01-01', '2017-03-02', NULL, 'Male', '+639124556784', 'Discontinuation', 'Yes', 'Cat II', '1', 'Dao', 'Daaang Bakal', 'Mandaluyong City', NULL, NULL, NULL, NULL, 'UsXKaVObAB', '2020-06-10 17:06:31'),
(28, 170028, 'Delpho', 'Lee', 'Dalisay', 'delphodalisay', '9688bc6e538696b21dd9d43fb12e716d', '1990-01-01', '2017-03-03', NULL, 'Male', '+639124556784', 'Discontinuation', 'Yes', 'Cat II', '1', 'Dao', 'Daaang Bakal', 'Mandaluyong City', NULL, NULL, NULL, NULL, 'DsVRcFPcSR', '2020-06-10 17:06:31'),
(29, 170029, 'Dell', 'Lee', 'Dalisay', 'delldalisay', '9688bc6e538696b21dd9d43fb12e716d', '1990-01-01', '2017-03-04', NULL, 'Male', '+639124556784', 'Success', 'Yes', 'Cat II', '1', 'Dao', 'Daaang Bakal', 'Mandaluyong City', NULL, NULL, NULL, NULL, 'JyMBkMGtQO', '2020-06-10 17:06:31'),
(30, 170030, 'Deyle', 'Lee', 'Dalisay', 'deyledalisay', '9688bc6e538696b21dd9d43fb12e716d', '1990-01-01', '2017-03-05', NULL, 'Male', '+639124556784', 'Discontinuation', 'No', 'Cat II', '1', 'Dao', 'Daaang Bakal', 'Mandaluyong City', NULL, NULL, NULL, NULL, 'MfBQgQJqHN', '2020-06-10 17:06:31'),
(31, 170031, 'Dayle', 'Lee', 'Dalisay', 'dayledalisay', '9688bc6e538696b21dd9d43fb12e716d', '1990-01-01', '2017-03-06', NULL, 'Male', '+639124556784', 'Discontinuation', 'Yes', 'Cat II', '1', 'Dao', 'Daaang Bakal', 'Mandaluyong City', NULL, NULL, NULL, NULL, 'KwFYnATcVI', '2020-06-10 17:06:31'),
(32, 170032, 'Deflic', 'Lee', 'Dalisay', 'deflicdalisay', '9688bc6e538696b21dd9d43fb12e716d', '1990-01-01', '2017-03-07', NULL, 'Male', '+639124556784', 'Discontinuation', 'Yes', 'Cat II', '1', 'Dao', 'Daaang Bakal', 'Mandaluyong City', NULL, NULL, NULL, NULL, 'BbTZgORlUX', '2020-06-10 17:06:31'),
(33, 170033, 'Marie', 'Lee', 'Clara', 'marieclara', '20b1d24573685299cf63db0ec29eb3c6', '1988-01-05', '2017-04-08', NULL, 'Female', '+639124556784', 'Discontinuation', 'Yes', 'Cat II', '1', 'Dao', 'Daaang Bakal', 'Mandaluyong City', NULL, NULL, NULL, NULL, 'DyAFtLTrZT', '2020-06-10 17:06:31'),
(34, 170034, 'Arie', 'Lee', 'Clara', 'arieclara', '20b1d24573685299cf63db0ec29eb3c6', '1988-01-05', '2017-04-09', NULL, 'Female', '+639124556784', 'Discontinuation', 'Yes', 'Cat II', '1', 'Dao', 'Daaang Bakal', 'Mandaluyong City', NULL, NULL, NULL, NULL, 'YyKJcBRfOM', '2020-06-10 17:06:31'),
(35, 170036, 'Yrie', 'Lee', 'Clara', 'yrieclara', '20b1d24573685299cf63db0ec29eb3c6', '1988-01-05', '2017-04-11', NULL, 'Female', '+639124556784', 'Discontinuation', 'Yes', 'Cat II', '1', 'Dao', 'Daaang Bakal', 'Mandaluyong City', NULL, NULL, NULL, NULL, 'WsONsMMwOV', '2020-06-10 17:06:31'),
(36, 170037, 'Marie Rose', 'Lee', 'Clara', 'marieclara', '20b1d24573685299cf63db0ec29eb3c6', '1988-01-05', '2017-04-12', NULL, 'Female', '+639124556784', 'Discontinuation', 'Yes', 'Cat II', '1', 'Dao', 'Daaang Bakal', 'Mandaluyong City', NULL, NULL, NULL, NULL, 'IbBRqWHeWH', '2020-06-10 17:06:31'),
(37, 170038, 'Marie Clear', 'Lee', 'Clara', 'marieclara', '20b1d24573685299cf63db0ec29eb3c6', '1988-01-05', '2017-04-13', NULL, 'Female', '+639124556784', 'Discontinuation', 'No', 'Cat II', '1', 'Dao', 'Daaang Bakal', 'Mandaluyong City', NULL, NULL, NULL, NULL, 'IaJKxJHrVN', '2020-06-10 17:06:31'),
(38, 170039, 'Cat', 'Lee', 'Clara', 'catclara', '20b1d24573685299cf63db0ec29eb3c6', '1988-01-05', '2017-04-14', NULL, 'Female', '+639124556784', 'Success', 'No', 'Cat II', '1', 'Dao', 'Daaang Bakal', 'Mandaluyong City', NULL, NULL, NULL, NULL, 'MmYCyJYjUS', '2020-06-10 17:06:31'),
(39, 170040, 'Lebren', 'Lee', 'Clara', 'lebrenclara', '20b1d24573685299cf63db0ec29eb3c6', '1988-01-05', '2017-04-15', NULL, 'Female', '+639124556784', 'Discontinuation', 'No', 'Cat II', '1', 'Dao', 'Daaang Bakal', 'Mandaluyong City', NULL, NULL, NULL, NULL, 'DcCBjIRsUM', '2020-06-10 17:06:31'),
(40, 170041, 'Roleya', 'Lee', 'Clara', 'roleyaclara', '20b1d24573685299cf63db0ec29eb3c6', '1988-01-05', '2017-04-16', NULL, 'Female', '+639124556784', 'Discontinuation', 'Yes', 'Cat II', '1', 'Dao', 'Daaang Bakal', 'Mandaluyong City', NULL, NULL, NULL, NULL, 'VkXKfEYfUU', '2020-06-10 17:06:31'),
(41, 170042, 'Anne', 'Lee', 'Clara', 'anneclara', '20b1d24573685299cf63db0ec29eb3c6', '1988-01-05', '2017-04-17', NULL, 'Female', '+639124556784', 'Success', 'Yes', 'Cat II', '1', 'Dao', 'Daaang Bakal', 'Mandaluyong City', NULL, NULL, NULL, NULL, 'IgMLuFHvDW', '2020-06-10 17:06:31'),
(42, 170043, 'Earri', 'Lee', 'Clara', 'earriclara', '20b1d24573685299cf63db0ec29eb3c6', '1988-01-05', '2017-04-18', NULL, 'Female', '+639124556784', 'Success', 'Yes', 'Cat I', '1', 'Dao', 'Daaang Bakal', 'Mandaluyong City', NULL, NULL, NULL, NULL, 'GxTGiXXaEJ', '2020-06-10 17:06:31'),
(43, 170044, 'Errrie', 'Lee', 'Clara', 'errrieclara', '20b1d24573685299cf63db0ec29eb3c6', '1988-01-05', '2017-04-19', NULL, 'Female', '+639124556784', 'Discontinuation', 'No', 'Cat I', '1', 'Dao', 'Daaang Bakal', 'Mandaluyong City', NULL, NULL, NULL, NULL, 'ZuVBqAIdBV', '2020-06-10 17:06:31'),
(44, 170045, 'Errie Rose', 'Lee', 'Clara', 'errieclara', '20b1d24573685299cf63db0ec29eb3c6', '1988-01-05', '2017-04-20', NULL, 'Female', '+639124556784', 'Discontinuation', 'No', 'Cat I', '1', 'Dao', 'Daaang Bakal', 'Mandaluyong City', NULL, NULL, NULL, NULL, 'WsRDlQIzYI', '2020-06-10 17:06:31'),
(45, 170046, 'Sensie Rose', 'Lee', 'Clara', 'sensieclara', '20b1d24573685299cf63db0ec29eb3c6', '1988-01-05', '2017-05-20', NULL, 'Female', '+639124556784', 'Discontinuation', 'Yes', 'Cat I', '1', 'Dao', 'Daaang Bakal', 'Mandaluyong City', NULL, NULL, NULL, NULL, 'IqWKjBLdLO', '2020-06-10 17:06:31'),
(46, 170047, 'Sopia', 'Lee', 'Clara', 'sopiaclara', '9358ad2f9e2e6240e81464fdc05b7690', '1988-01-05', '2017-05-21', NULL, 'Female', '+639124556784', 'Discontinuation', 'No', 'Cat I', '1', 'Dao', 'Daaang Bakal', 'Mandaluyong City', NULL, NULL, NULL, NULL, 'YbLNbKCdHA', '2020-06-10 17:06:31'),
(47, 170048, 'Pia', 'Lee', 'Guandos', 'piaguandos', '9358ad2f9e2e6240e81464fdc05b7690', '1987-06-01', '2017-05-22', NULL, 'Female', '+639124556784', 'Success', 'No', 'Cat I', '1', 'Dao', 'Daaang Bakal', 'Mandaluyong City', NULL, NULL, NULL, NULL, 'XwQBfXZxBH', '2020-06-10 17:06:31'),
(48, 170049, 'Maries', 'Lee', 'Guandos', 'mariesguandos', '9358ad2f9e2e6240e81464fdc05b7690', '1987-06-01', '2017-05-23', NULL, 'Female', '+639124556784', 'Discontinuation', 'Yes', 'Cat I', '1', 'Dao', 'Daaang Bakal', 'Mandaluyong City', NULL, NULL, NULL, NULL, 'HoSVbEMrGH', '2020-06-10 17:06:31'),
(49, 170050, 'Sopi', 'Lee', 'Guandos', 'sopiguandos', '9358ad2f9e2e6240e81464fdc05b7690', '1987-06-01', '2017-05-24', NULL, 'Female', '+639124556784', 'Discontinuation', 'No', 'Cat I', '1', 'Dao', 'Daaang Bakal', 'Mandaluyong City', NULL, NULL, NULL, NULL, 'UpBTuGOrEO', '2020-06-10 17:06:31'),
(50, 170051, 'Pia Marie', 'Lee', 'Guandos', 'piaguandos', '9358ad2f9e2e6240e81464fdc05b7690', '1987-06-01', '2017-05-25', NULL, 'Female', '+639124556784', 'Success', 'No', 'Cat I', '1', 'Dao', 'Daaang Bakal', 'Mandaluyong City', NULL, NULL, NULL, NULL, 'AbAQnUMsJD', '2020-06-10 17:06:31'),
(51, 170052, 'Sopia Rose', 'Lee', 'Guandos', 'sopiaguandos', '9358ad2f9e2e6240e81464fdc05b7690', '1987-06-01', '2017-05-26', NULL, 'Female', '+639124556784', 'Success', 'Yes', 'Cat I', '1', 'Dao', 'Daaang Bakal', 'Mandaluyong City', NULL, NULL, NULL, NULL, 'NpPVnLSnAM', '2020-06-10 17:06:31'),
(52, 170053, 'Sopia Mae', 'Lee', 'Guandos', 'sopiaguandos', '9358ad2f9e2e6240e81464fdc05b7690', '1987-06-01', '2017-05-27', NULL, 'Female', '+639124556784', 'Discontinuation', 'No', 'Cat I', '1', 'Dao', 'Daaang Bakal', 'Mandaluyong City', NULL, NULL, NULL, NULL, 'BhEBdAQmQJ', '2020-06-10 17:06:31'),
(53, 170054, 'Sopia Arrah', 'Lee', 'Guandos', 'sopiaguandos', '9358ad2f9e2e6240e81464fdc05b7690', '1987-06-01', '2017-05-28', NULL, 'Female', '+639124556784', 'Discontinuation', 'Yes', 'Cat I', '1', 'Dao', 'Daaang Bakal', 'Mandaluyong City', NULL, NULL, NULL, NULL, 'NhDKeEJpNW', '2020-06-10 17:06:31'),
(54, 170055, 'Sopia Jona', 'Lee', 'Guandos', 'sopiaguandos', '9358ad2f9e2e6240e81464fdc05b7690', '1987-06-01', '2017-05-29', NULL, 'Female', '+639124556784', 'Success', 'No', 'Cat I', '1', 'Dao', 'Daaang Bakal', 'Mandaluyong City', NULL, NULL, NULL, NULL, 'ReIDoFGuUQ', '2020-06-10 17:06:31'),
(55, 170056, 'Sopiay', 'Lee', 'Guandos', 'sopiayguandos', 'e28d2ed78fda10d33a41c5c48e39be23', '1987-06-01', '2017-06-30', NULL, 'Female', '+639124556784', 'Discontinuation', 'No', 'Cat I', '1', 'Dao', 'Daaang Bakal', 'Mandaluyong City', NULL, NULL, NULL, NULL, 'JkLJfQBaZG', '2020-06-10 17:06:31'),
(56, 170057, 'Jonaly Rose', 'Lee', 'Nacio', 'jonalynacio', 'e28d2ed78fda10d33a41c5c48e39be23', '1995-02-09', '2017-07-01', NULL, 'Female', '+639124556784', 'Success', 'Yes', 'Cat I', '1', 'Dao', 'Daaang Bakal', 'Mandaluyong City', NULL, NULL, NULL, NULL, 'PzSMwEQvXV', '2020-06-10 17:06:31'),
(57, 170058, 'Jona', 'Lee', 'Nacio', 'jonanacio', 'e28d2ed78fda10d33a41c5c48e39be23', '1995-02-09', '2017-07-02', NULL, 'Female', '+639124556784', 'Discontinuation', 'No', 'Cat I', '1', 'Dao', 'Daaang Bakal', 'Mandaluyong City', NULL, NULL, NULL, NULL, 'LbIJvTRvWL', '2020-06-10 17:06:31'),
(58, 170059, 'Jonay', 'Lee', 'Nacio', 'jonaynacio', 'e28d2ed78fda10d33a41c5c48e39be23', '1995-02-09', '2017-07-03', NULL, 'Female', '+639124556784', 'Success', 'Yes', 'Cat I', '1', 'Dao', 'Daaang Bakal', 'Mandaluyong City', NULL, NULL, NULL, NULL, 'MdUAqDIvCR', '2020-06-10 17:06:31'),
(59, 170060, 'Jolie', 'Lee', 'Nacio', 'jolienacio', 'e28d2ed78fda10d33a41c5c48e39be23', '1995-02-09', '2017-07-04', NULL, 'Female', '+639124556784', 'Success', 'Yes', 'Cat I', '1', 'Dao', 'Daaang Bakal', 'Mandaluyong City', NULL, NULL, NULL, NULL, 'SoCRyKYxPV', '2020-06-10 17:06:31'),
(60, 170061, 'Juliet', 'Lee', 'Nacio', 'julietnacio', 'e28d2ed78fda10d33a41c5c48e39be23', '1995-02-09', '2017-07-05', NULL, 'Female', '+639124556784', 'Success', 'Yes', 'Cat I', '1', 'Dao', 'Daaang Bakal', 'Mandaluyong City', NULL, NULL, NULL, NULL, 'TqVJpUHgJP', '2020-06-10 17:06:31'),
(61, 170062, 'Nana', 'Lee', 'Nacio', 'nananacio', 'e28d2ed78fda10d33a41c5c48e39be23', '1995-02-09', '2017-07-06', NULL, 'Female', '+639124556784', 'Discontinuation', 'No', 'Cat I', '1', 'Dao', 'Daaang Bakal', 'Mandaluyong City', NULL, NULL, NULL, NULL, 'VcWJeOXxRL', '2020-06-10 17:06:31'),
(62, 170063, 'Odiet', 'Lee', 'Nacio', 'odietnacio', 'e28d2ed78fda10d33a41c5c48e39be23', '1995-02-09', '2017-07-07', NULL, 'Female', '+639124556784', 'Discontinuation', 'Yes', 'Cat I', '1', 'Dao', 'Daaang Bakal', 'Mandaluyong City', NULL, NULL, NULL, NULL, 'GnIToUXdTX', '2020-06-10 17:06:31'),
(63, 170064, 'Phrasa', 'Lee', 'Nacio', 'phrasanacio', 'e28d2ed78fda10d33a41c5c48e39be23', '1995-02-09', '2017-07-08', NULL, 'Female', '+639124556784', 'Discontinuation', 'Yes', 'Cat I', '1', 'Dao', 'Daaang Bakal', 'Mandaluyong City', NULL, NULL, NULL, NULL, 'XfCSuPWjPC', '2020-06-10 17:06:31'),
(64, 170065, 'Eudora', 'Lee', 'Nacio', 'eudoranacio', 'e28d2ed78fda10d33a41c5c48e39be23', '1995-02-09', '2017-07-09', NULL, 'Female', '+639124556784', 'Discontinuation', 'No', 'Cat I', '1', 'Dao', 'Daaang Bakal', 'Mandaluyong City', NULL, NULL, NULL, NULL, 'ZuPRkOApAA', '2020-06-10 17:06:31'),
(65, 170066, 'Hanabi', 'Lee', 'Nacio', 'hanabinacio', 'e28d2ed78fda10d33a41c5c48e39be23', '1995-02-09', '2017-07-10', NULL, 'Female', '+639124556784', 'Success', 'Yes', 'Cat I', '1', 'Dao', 'Daaang Bakal', 'Mandaluyong City', NULL, NULL, NULL, NULL, 'TsWYwATgFG', '2020-06-10 17:06:31'),
(66, 170067, 'Karina', 'Lee', 'Nacio', 'karinanacio', 'e28d2ed78fda10d33a41c5c48e39be23', '1995-02-09', '2017-07-11', NULL, 'Female', '+639124556784', 'Discontinuation', 'Yes', 'Cat I', '1', 'Dao', 'Daaang Bakal', 'Mandaluyong City', NULL, NULL, NULL, NULL, 'IgLVnBOrWK', '2020-06-10 17:06:31'),
(67, 170068, 'Selena', 'Lee', 'Nacio', 'selenanacio', 'e28d2ed78fda10d33a41c5c48e39be23', '1995-02-09', '2017-07-12', NULL, 'Female', '+639124556784', 'Discontinuation', 'Yes', 'Cat I', '1', 'Dao', 'Daaang Bakal', 'Mandaluyong City', NULL, NULL, NULL, NULL, 'VnJRmLZsUR', '2020-06-10 17:06:31'),
(68, 170069, 'Angela', 'Lee', 'Nacio', 'angelanacio', 'e28d2ed78fda10d33a41c5c48e39be23', '1995-02-09', '2017-07-13', NULL, 'Female', '+639124556784', 'Success', 'No', 'Cat I', '1', 'Dao', 'Daaang Bakal', 'Mandaluyong City', NULL, NULL, NULL, NULL, 'SdLOoAJgEG', '2020-06-10 17:06:31'),
(69, 170070, 'Kimmy', 'Lee', 'Nacio', 'kimmynacio', 'e28d2ed78fda10d33a41c5c48e39be23', '1995-02-09', '2017-07-14', NULL, 'Female', '+639124556784', 'Success', 'Yes', 'Cat I', '1', 'Dao', 'Daaang Bakal', 'Mandaluyong City', NULL, NULL, NULL, NULL, 'RnBLiWZxMU', '2020-06-10 17:06:31'),
(70, 170071, 'Lordes', 'Lee', 'Nacio', 'lordesnacio', 'd2a9477718944860e30932fbeadcb21c', '1995-02-09', '2017-08-14', NULL, 'Female', '+639124556784', 'Discontinuation', 'Yes', 'Cat I', '1', 'Dao', 'Daaang Bakal', 'Mandaluyong City', NULL, NULL, NULL, NULL, 'EaYSlLNyUS', '2020-06-10 17:06:31'),
(71, 170072, 'Mario', 'Lee', 'Marcos', 'mariomarcos', 'd2a9477718944860e30932fbeadcb21c', '1982-03-17', '2017-08-15', NULL, 'Male', '+639124556784', 'Success', 'No', 'Cat I', '1', 'Dao', 'Daaang Bakal', 'Mandaluyong City', NULL, NULL, NULL, NULL, 'DiBGtUGpAK', '2020-06-10 17:06:31'),
(72, 170073, 'Mari', 'Lee', 'Marcos', 'marimarcos', 'd2a9477718944860e30932fbeadcb21c', '1982-03-17', '2017-08-16', NULL, 'Male', '+639124556784', 'Discontinuation', 'No', 'Cat I', '1', 'Dao', 'Daaang Bakal', 'Mandaluyong City', NULL, NULL, NULL, NULL, 'TvAQbBWeKT', '2020-06-10 17:06:31'),
(73, 170074, 'Mar', 'Lee', 'Marcos', 'marmarcos', 'd2a9477718944860e30932fbeadcb21c', '1982-03-17', '2017-08-17', NULL, 'Male', '+639124556784', 'Success', 'No', 'Cat I', '1', 'Dao', 'Daaang Bakal', 'Mandaluyong City', NULL, NULL, NULL, NULL, 'PaHExAPoWL', '2020-06-10 17:06:31'),
(74, 170075, 'Marioy', 'Lee', 'Marcos', 'marioymarcos', 'd2a9477718944860e30932fbeadcb21c', '1982-03-17', '2017-08-18', NULL, 'Male', '+639124556784', 'Success', 'No', 'Cat I', '1', 'Dao', 'Daaang Bakal', 'Mandaluyong City', NULL, NULL, NULL, NULL, 'WwSKcNRdCR', '2020-06-10 17:06:31'),
(75, 170076, 'Rio', 'Lee', 'Marcos', 'riomarcos', 'd2a9477718944860e30932fbeadcb21c', '1982-03-17', '2017-08-19', NULL, 'Male', '+639124556784', 'Discontinuation', 'Yes', 'Cat I', '1', 'Dao', 'Daaang Bakal', 'Mandaluyong City', NULL, NULL, NULL, NULL, 'EsRJrJDnXQ', '2020-06-10 17:06:31'),
(76, 170077, 'Mariot', 'Lee', 'Marcos', 'mariotmarcos', 'd2a9477718944860e30932fbeadcb21c', '1982-03-17', '2017-08-20', NULL, 'Male', '+639124556784', 'Discontinuation', 'No', 'Cat I', '1', 'Dao', 'Daaang Bakal', 'Mandaluyong City', NULL, NULL, NULL, NULL, 'HgGUyPKzBG', '2020-06-10 17:06:31'),
(77, 170078, 'Mariey', 'Lee', 'Marcos', 'marieymarcos', '3b73b22455844e34fa856993410ed460', '1982-03-17', '2017-09-11', NULL, 'Male', '+639124556784', 'Success', 'Yes', 'Cat I', '1', 'Dao', 'Daaang Bakal', 'Mandaluyong City', NULL, NULL, NULL, NULL, 'UgBUdAQnPF', '2020-06-10 17:06:31'),
(78, 170079, 'Joshua', 'Lee', 'Dadunado', 'joshuadadunado', '3b73b22455844e34fa856993410ed460', '1980-03-12', '2017-09-12', NULL, 'Male', '+639124556784', 'Success', 'Yes', 'Cat I', '1', 'Dao', 'Daaang Bakal', 'Mandaluyong City', NULL, NULL, NULL, NULL, 'OqZQxSEnZR', '2020-06-10 17:06:31'),
(79, 170080, 'Joshu', 'Lee', 'Dadunado', 'joshudadunado', '3b73b22455844e34fa856993410ed460', '1980-03-12', '2017-09-13', NULL, 'Male', '+639124556784', 'Success', 'Yes', 'Cat I', '1', 'Dao', 'Daaang Bakal', 'Mandaluyong City', NULL, NULL, NULL, NULL, 'AxUYiANjZM', '2020-06-10 17:06:31'),
(80, 170081, 'Josh', 'Lee', 'Dadunado', 'joshdadunado', '3b73b22455844e34fa856993410ed460', '1980-03-12', '2017-09-14', NULL, 'Male', '+639124556784', 'Discontinuation', 'Yes', 'Cat I', '1', 'Dao', 'Daaang Bakal', 'Mandaluyong City', NULL, NULL, NULL, NULL, 'TqSGxGGuMW', '2020-06-10 17:06:31'),
(81, 170082, 'Joshuay', 'Lee', 'Dadunado', 'joshuaydadunado', '3b73b22455844e34fa856993410ed460', '1980-03-12', '2017-09-15', NULL, 'Male', '+639124556784', 'Success', 'No', 'Cat I', '1', 'Dao', 'Daaang Bakal', 'Mandaluyong City', NULL, NULL, NULL, NULL, 'VrCAmXVbWF', '2020-06-10 17:06:31'),
(82, 170083, 'Joshud', 'Lee', 'Dadunado', 'joshuddadunado', '3b73b22455844e34fa856993410ed460', '1980-03-12', '2017-09-16', NULL, 'Male', '+639124556784', 'Discontinuation', 'No', 'Cat I', '1', 'Dao', 'Daaang Bakal', 'Mandaluyong City', NULL, NULL, NULL, NULL, 'LgKLvSOyHI', '2020-06-10 17:06:31'),
(83, 170084, 'Joshua', 'Lee', 'Dadunado', 'joshuadadunado', '3b73b22455844e34fa856993410ed460', '1980-03-12', '2017-09-17', NULL, 'Male', '+639124556784', 'Success', 'No', 'Cat I', '1', 'Dao', 'Daaang Bakal', 'Mandaluyong City', NULL, NULL, NULL, NULL, 'UsAOdWLkFP', '2020-06-10 17:06:31'),
(84, 170085, 'Hua', 'Lee', 'Dadunado', 'huadadunado', '3b73b22455844e34fa856993410ed460', '1980-03-12', '2017-09-18', NULL, 'Male', '+639124556784', 'Discontinuation', 'No', 'Cat I', '1', 'Dao', 'Daaang Bakal', 'Mandaluyong City', NULL, NULL, NULL, NULL, 'XlAXaXCdYK', '2020-06-10 17:06:31'),
(85, 170086, 'Josh', 'Lee', 'Dadunado', 'joshdadunado', '3b73b22455844e34fa856993410ed460', '1980-03-12', '2017-09-19', NULL, 'Male', '+639124556784', 'Success', 'Yes', 'Cat I', '1', 'Dao', 'Daaang Bakal', 'Mandaluyong City', NULL, NULL, NULL, NULL, 'ErPLnGXjVJ', '2020-06-10 17:06:31'),
(86, 170087, 'Joshuay', 'Lee', 'Dadunado', 'joshuaydadunado', '27df086140010a756ec2aba100363ee3', '1980-03-12', '2017-10-04', NULL, 'Male', '+639124556784', 'Discontinuation', 'Yes', 'Cat I', '1', 'Dao', 'Daaang Bakal', 'Mandaluyong City', NULL, NULL, NULL, NULL, 'PlDPgEWnDW', '2020-06-10 17:06:31'),
(87, 170088, 'Jose', 'Lee', 'Manalo', 'josemanalo', '27df086140010a756ec2aba100363ee3', '1980-05-12', '2017-10-05', NULL, 'Male', '+639124556784', 'Success', 'No', 'Cat I', '1', 'Dao', 'Daaang Bakal', 'Mandaluyong City', NULL, NULL, NULL, NULL, 'FiOLnKVsIL', '2020-06-10 17:06:31'),
(88, 170089, 'Jos', 'Lee', 'Manalo', 'josmanalo', '27df086140010a756ec2aba100363ee3', '1980-05-12', '2017-10-06', NULL, 'Male', '+639124556784', 'Success', 'Yes', 'Cat I', '1', 'Dao', 'Daaang Bakal', 'Mandaluyong City', NULL, NULL, NULL, NULL, 'RzJPmESrGF', '2020-06-10 17:06:31'),
(89, 170090, 'Josed', 'Lee', 'Manalo', 'josedmanalo', '27df086140010a756ec2aba100363ee3', '1980-05-12', '2017-10-07', NULL, 'Male', '+639124556784', 'Success', 'No', 'Cat I', '1', 'Dao', 'Daaang Bakal', 'Mandaluyong City', NULL, NULL, NULL, NULL, 'DcATeSPyLZ', '2020-06-10 17:06:31'),
(90, 170091, 'Josse', 'Lee', 'Manalo', 'jossemanalo', '27df086140010a756ec2aba100363ee3', '1980-05-12', '2017-10-08', NULL, 'Male', '+639124556784', 'Success', 'No', 'Cat I', '1', 'Dao', 'Daaang Bakal', 'Mandaluyong City', NULL, NULL, NULL, NULL, 'JlZJxKUrNC', '2020-06-10 17:06:31'),
(91, 170092, 'Josedy', 'Lee', 'Manalo', 'josedymanalo', '27df086140010a756ec2aba100363ee3', '1980-05-12', '2017-10-09', NULL, 'Male', '+639124556784', 'Discontinuation', 'No', 'Cat I', '1', 'Dao', 'Daaang Bakal', 'Mandaluyong City', NULL, NULL, NULL, NULL, 'JnQEfYMvWO', '2020-06-10 17:06:31'),
(92, 170093, 'Ose', 'Lee', 'Manalo', 'osemanalo', '27df086140010a756ec2aba100363ee3', '1980-05-12', '2017-10-10', NULL, 'Male', '+639124556784', 'Discontinuation', 'Yes', 'Cat I', '1', 'Dao', 'Daaang Bakal', 'Mandaluyong City', NULL, NULL, NULL, NULL, 'KrBWjEVuJH', '2020-06-10 17:06:31'),
(93, 170094, 'Josey', 'Lee', 'Manalo', 'joseymanalo', '886e61ef61a5d6dbecbec36a20e0f128', '1980-05-12', '2017-11-15', NULL, 'Male', '+639124556784', 'Success', 'No', 'Cat I', '1', 'Dao', 'Daaang Bakal', 'Mandaluyong City', NULL, NULL, NULL, NULL, 'SaVWxJLjVX', '2020-06-10 17:06:31'),
(94, 170095, 'Rei', 'Lee', 'Lim', 'reilim', '886e61ef61a5d6dbecbec36a20e0f128', '1979-01-08', '2017-11-16', NULL, 'Female', '+639124556784', 'Success', 'No', 'Cat I', '1', 'Dao', 'Daaang Bakal', 'Mandaluyong City', NULL, NULL, NULL, NULL, 'McCNdQZtNH', '2020-06-10 17:06:31'),
(95, 170096, 'Reiley', 'Lee', 'Lim', 'reileylim', '886e61ef61a5d6dbecbec36a20e0f128', '1979-01-08', '2017-11-17', NULL, 'Female', '+639124556784', 'Discontinuation', 'Yes', 'Cat I', '1', 'Dao', 'Daaang Bakal', 'Mandaluyong City', NULL, NULL, NULL, NULL, 'XaBQhYRhZU', '2020-06-10 17:06:31'),
(96, 170097, 'Reity', 'Lee', 'Lim', 'reitylim', '886e61ef61a5d6dbecbec36a20e0f128', '1979-01-08', '2017-11-18', NULL, 'Female', '+639124556784', 'Success', 'No', 'Cat I', '1', 'Dao', 'Daaang Bakal', 'Mandaluyong City', NULL, NULL, NULL, NULL, 'KjADgWIhLV', '2020-06-10 17:06:31'),
(97, 170098, 'Layla', 'Lee', 'Lim', 'laylalim', '886e61ef61a5d6dbecbec36a20e0f128', '1979-01-08', '2017-12-19', NULL, 'Female', '+639124556784', 'Success', 'Yes', 'Cat I', '1', 'Dao', 'Daaang Bakal', 'Mandaluyong City', NULL, NULL, NULL, NULL, 'AqAJjJNaJA', '2020-06-10 17:06:31'),
(98, 170099, 'Miya', 'Lee', 'Lim', 'miyalim', 'a0645e69186d6f9b65ce51dccafe232d', '1979-01-08', '2017-12-19', NULL, 'Female', '+639124556784', 'Discontinuation', 'No', 'Cat I', '1', 'Dao', 'Daaang Bakal', 'Mandaluyong City', NULL, NULL, NULL, NULL, 'JxXSfNPrYT', '2020-06-10 17:06:31'),
(99, 180001, 'Patricia', 'Lee', 'Hills', 'patriciahills', '383398101e53cbce96aef8bf5bb50b4a', '1989-01-01', '2018-01-05', NULL, 'Female', '+639123456789', 'Discontinuation', 'Yes', 'Cat I', 'Blk 1 Lot 1', 'J Fabella St.', 'Daang Bakal', 'Mandaluyong City', NULL, NULL, NULL, NULL, 'JgAWaFNjTF', '2020-06-10 17:06:31'),
(100, 180002, 'Robert', 'James', 'Garcia', 'robertgarcia', 'b2e1298dc2dd5b184857c58fae67161f', '1988-02-02', '2018-01-10', NULL, 'Male', '+639123456789', 'Discontinuation', 'Yes', 'Cat II', 'Blk 1 Lot 2', 'P. Martinez St.', 'Daang Bakal', 'Mandaluyong City', NULL, NULL, NULL, NULL, 'WkBFmWOnCR', '2020-06-10 17:06:31'),
(101, 180003, 'Jeniffer', 'Marie', 'Jackson', 'jenifferjackson', '34b677d009733afcf57e045219bfc516', '1987-03-03', '2018-01-15', NULL, 'Female', '+639123456789', 'Success', 'Yes', 'Cat I', 'Blk 1 Lot 3', 'J. Tiosejo St.', 'Daang Bakal', 'Mandaluyong City', NULL, NULL, NULL, NULL, 'DdBGkZAlWM', '2020-06-10 17:06:31'),
(102, 180004, 'Michael', 'John', 'Gibson', 'michaelgibson', 'cb4b9078dea9f849fd4f00f1cfbf7a10', '1986-04-04', '2018-02-05', NULL, 'Male', '+639123456789', 'Success', 'Yes', 'Cat I', 'Blk 1 Lot 4', 'Magalona St.', 'Daang Bakal', 'Mandaluyong City', NULL, NULL, NULL, NULL, 'HcRSjYPlJW', '2020-06-10 17:06:31'),
(103, 180005, 'Edgar', 'Jones', 'Laing', 'edgarlaing', '4f8b7fdad1d5a5466f911c80ec47d9f2', '1985-05-05', '2018-02-10', NULL, 'Male', '+639123456789', 'Success', 'Yes', 'Cat II', 'Blk 1 Lot 5', 'Romualdez St.', 'Daang Bakal', 'Mandaluyong City', NULL, NULL, NULL, NULL, 'ZfWMfFJtTS', '2020-06-10 17:06:31'),
(104, 180006, 'Linda', 'Grace', 'Gordon', 'lindagordon', '0d539102310ae2ce906ee0b287e597d1', '1984-06-06', '2018-02-15', NULL, 'Male', '+639123456789', 'Discontinuation', 'Yes', 'Cat I', 'Blk 1 Lot 6', 'J Fabella St.', 'Daang Bakal', 'Mandaluyong City', NULL, NULL, NULL, NULL, 'MpELnBKtPZ', '2020-06-10 17:06:31'),
(105, 180007, 'William', 'David', 'Law', 'williamlaw', '9ff7aa4373d156a60072af7c5dd1680f', '1983-07-07', '2018-03-05', NULL, 'Female', '+639123456789', 'Success', 'Yes', 'Cat I', 'Blk 1 Lot 7', 'P. Martinez St.', 'Daang Bakal', 'Mandaluyong City', NULL, NULL, NULL, NULL, 'YpPQoQTeJS', '2020-06-10 17:06:31'),
(106, 180008, 'Elizabeth', 'Edgar', 'Lamont', 'elizabethlamont', 'eb4853743800bf6c28705dcb8ee24768', '1982-08-08', '2018-03-10', NULL, 'Male', '+639123456789', 'Discontinuation', 'Yes', 'Cat II', 'Blk 1 Lot 8', 'J. Tiosejo St.', 'Daang Bakal', 'Mandaluyong City', NULL, NULL, NULL, NULL, 'DtOLdFFpOL', '2020-06-10 17:06:31'),
(107, 180009, 'David', 'Thomas', 'Burnet', 'davidburnet', '9ba1919d2baed5646851c1baa5966cc6', '1981-09-09', '2018-03-15', NULL, 'Female', '+639123456789', 'Success', 'Yes', 'Cat I', 'Blk 1 Lot 9', 'Magalona St.', 'Daang Bakal', 'Mandaluyong City', NULL, NULL, NULL, NULL, 'UcNDkKLwGF', '2020-06-10 17:06:31'),
(108, 180010, 'Barbara', 'Louise', 'Mackay', 'barbaramackay', 'dbd33118bc339998f940fcd9369df619', '1980-10-10', '2018-04-05', NULL, 'Male', '+639123456789', 'Discontinuation', 'Yes', 'Cat I', 'Blk 1 Lot 10', 'Romualdez St.', 'Daang Bakal', 'Mandaluyong City', NULL, NULL, NULL, NULL, 'WzPFoJSvZC', '2020-06-10 17:06:31'),
(109, 180011, 'Mac', 'Gillies', 'Burns', 'macburns', '238a1c3af87eb0627a2caf662f8de01e', '1979-11-11', '2018-04-10', NULL, 'Female', '+639123456789', 'Success', 'Yes', 'Cat II', 'Blk 1 Lot 11', 'J Fabella St.', 'Daang Bakal', 'Mandaluyong City', NULL, NULL, NULL, NULL, 'BjHHtCHfFE', '2020-06-10 17:06:31'),
(110, 180012, 'Bruce', 'Lang', 'Allan', 'bruceallan', 'f8f6ed463d9998bc8850b75f25b39668', '1978-12-12', '2018-04-15', NULL, 'Male', '+639123456789', 'Discontinuation', 'Yes', 'Cat I', 'Blk 2 Lot 1', 'P. Martinez St.', 'Daang Bakal', 'Mandaluyong City', NULL, NULL, NULL, NULL, 'NhEWuAYaCU', '2020-06-10 17:06:31'),
(111, 180013, 'Richard', 'Peter', 'James', 'richardjames', '0dfdda025704e9745c9d31f4521c4764', '1977-01-01', '2018-05-05', NULL, 'Female', '+639123456789', 'Success', 'Yes', 'Cat I', 'Blk 2 Lot 2', 'J. Tiosejo St.', 'Daang Bakal', 'Mandaluyong City', NULL, NULL, NULL, NULL, 'JbAMvUFgVF', '2020-06-10 17:06:31'),
(112, 180014, 'Susan', 'Paul', 'Gray', 'susangray', '2187a0410f839d7aa45c53e026568b67', '1976-02-02', '2018-05-10', NULL, 'Male', '+639123456789', 'Success', 'Yes', 'Cat II', 'Blk 2 Lot 3', 'Magalona St.', 'Daang Bakal', 'Mandaluyong City', NULL, NULL, NULL, NULL, 'KcSYjHSvOB', '2020-06-10 17:06:31'),
(113, 180015, 'Joseph', 'Donald', 'Fraser', 'josephfraser', '8bd21f268dd044618fda96ce4e0fbc48', '1975-03-03', '2018-05-15', NULL, 'Female', '+639123456789', 'Discontinuation', 'Yes', 'Cat I', 'Blk 2 Lot 4', 'Romualdez St.', 'Daang Bakal', 'Mandaluyong City', NULL, NULL, NULL, NULL, 'MxEArLLiSL', '2020-06-10 17:06:31'),
(114, 180016, 'Patricia', 'Hills', 'Lee', 'patricialee', '22de8666c813c6f967192bd62e753703', '1974-04-04', '2018-06-05', NULL, 'Male', '+639123456789', 'Discontinuation', 'Yes', 'Cat I', 'Blk 2 Lot 5', 'J Fabella St.', 'Daang Bakal', 'Mandaluyong City', NULL, NULL, NULL, NULL, 'GpFSfHRvOT', '2020-06-10 17:06:31'),
(115, 180017, 'Robert', 'Garcia', 'James', 'robertjames', '908eabe19f9e9cf887116add73b3d1a5', '1973-05-05', '2018-06-10', NULL, 'Female', '+639123456789', 'Discontinuation', 'Yes', 'Cat II', 'Blk 2 Lot 6', 'P. Martinez St.', 'Daang Bakal', 'Mandaluyong City', NULL, NULL, NULL, NULL, 'FwORlCIgIO', '2020-06-10 17:06:31'),
(116, 180018, 'Jeniffer', 'Jackson', 'Marie', 'jeniffermarie', '1088ed9fa9ac22b7656f8cd710ac99ba', '1972-06-06', '2018-06-15', NULL, 'Male', '+639123456789', 'Discontinuation', 'Yes', 'Cat I', 'Blk 2 Lot 7', 'J. Tiosejo St.', 'Daang Bakal', 'Mandaluyong City', NULL, NULL, NULL, NULL, 'SaDAkKBeFM', '2020-06-10 17:06:31'),
(117, 180019, 'Michael', 'Gibson', 'John', 'michaeljohn', 'cba94f7d4100286065fc9885ac224aa9', '1971-07-07', '2018-07-05', NULL, 'Female', '+639123456789', 'Discontinuation', 'Yes', 'Cat I', 'Blk 2 Lot 8', 'Magalona St.', 'Daang Bakal', 'Mandaluyong City', NULL, NULL, NULL, NULL, 'EkHSjLRfVK', '2020-06-10 17:06:31'),
(118, 180020, 'Edgar', 'Laing', 'Jones', 'edgarjones', 'cc349c1766286b39573a2c7fd664a74c', '1970-08-08', '2018-07-10', NULL, 'Male', '+639123456789', 'Success', 'Yes', 'Cat II', 'Blk 2 Lot 9', 'Romualdez St.', 'Daang Bakal', 'Mandaluyong City', NULL, NULL, NULL, NULL, 'JwNFkXHaEV', '2020-06-10 17:06:31'),
(119, 180021, 'Linda', 'Gordon', 'Grace', 'lindagrace', 'f1058fac0115cee3ca14b47028186408', '1969-09-09', '2018-07-15', NULL, 'Female', '+639123456789', 'Success', 'Yes', 'Cat I', 'Blk 2 Lot 10', 'J Fabella St.', 'Daang Bakal', 'Mandaluyong City', NULL, NULL, NULL, NULL, 'MgNElQDtBK', '2020-06-10 17:06:31'),
(120, 180022, 'William', 'Law', 'David', 'williamdavid', 'd59d1e8436391cb73bcaddd8a3dbf086', '1968-10-10', '2018-08-05', NULL, 'Male', '+639123456789', 'Success', 'Yes', 'Cat I', 'Blk 3 Lot 1', 'P. Martinez St.', 'Daang Bakal', 'Mandaluyong City', NULL, NULL, NULL, NULL, 'EvKWyVNcRZ', '2020-06-10 17:06:31'),
(121, 180023, 'Elizabeth', 'Lamont', 'Edgar', 'elizabethedgar', '97300bf8b720896d4a8d1cbf42d8e723', '1967-11-11', '2018-08-10', NULL, 'Female', '+639123456789', 'Success', 'Yes', 'Cat II', 'Blk 3 Lot 2', 'J. Tiosejo St.', 'Daang Bakal', 'Mandaluyong City', NULL, NULL, NULL, NULL, 'JxKYbFHiPH', '2020-06-10 17:06:31'),
(122, 180024, 'David', 'Burnet', 'Thomas', 'davidthomas', '4bf1ee0c57e7f78b7f06d85a9127bbdc', '1966-12-12', '2018-08-15', NULL, 'Male', '+639123456789', 'Discontinuation', 'Yes', 'Cat I', 'Blk 3 Lot 3', 'Magalona St.', 'Daang Bakal', 'Mandaluyong City', NULL, NULL, NULL, NULL, 'RlGWoYLbOK', '2020-06-10 17:06:31'),
(123, 180025, 'Barbara', 'Mackay', 'Louise', 'barbaralouise', 'e16f3e6f1c6905d46b582bbee7398fb1', '1965-01-01', '2018-09-05', NULL, 'Female', '+639123456789', 'Success', 'Yes', 'Cat I', 'Blk 3 Lot 4', 'Romualdez St.', 'Daang Bakal', 'Mandaluyong City', NULL, NULL, NULL, NULL, 'RyAEsEFpYB', '2020-06-10 17:06:31'),
(124, 180026, 'Mac', 'Burns', 'Gillies', 'macgillies', 'a5e1c907afc59dfb5442dc4018bb56ba', '1964-02-02', '2018-09-10', NULL, 'Male', '+639123456789', 'Discontinuation', 'Yes', 'Cat II', 'Blk 3 Lot 5', 'J Fabella St.', 'Daang Bakal', 'Mandaluyong City', NULL, NULL, NULL, NULL, 'WlJCbQGlYF', '2020-06-10 17:06:31'),
(125, 180027, 'Bruce', 'Allan', 'Lang', 'brucelang', '3ea634b63d960581f0aff4a79ec7ef6f', '1963-03-03', '2018-09-15', NULL, 'Female', '+639123456789', 'Discontinuation', 'Yes', 'Cat I', 'Blk 3 Lot 6', 'P. Martinez St.', 'Daang Bakal', 'Mandaluyong City', NULL, NULL, NULL, NULL, 'CvRVeOOeAC', '2020-06-10 17:06:31'),
(126, 180028, 'Richard', 'James', 'Peter', 'richardpeter', '425988ab0628fb440f9941694ecb91fc', '1962-04-04', '2018-10-05', NULL, 'Male', '+639123456789', 'Success', 'Yes', 'Cat I', 'Blk 3 Lot 7', 'J. Tiosejo St.', 'Daang Bakal', 'Mandaluyong City', NULL, NULL, NULL, NULL, 'IjMOwKDhCD', '2020-06-10 17:06:31'),
(127, 180029, 'Susan', 'Gray', 'Paul', 'susanpaul', '5f33c5f5fbb15ecd5e1210f9d3eee237', '1961-05-05', '2018-10-10', NULL, 'Female', '+639123456789', 'Discontinuation', 'Yes', 'Cat II', 'Blk 3 Lot 8', 'Magalona St.', 'Daang Bakal', 'Mandaluyong City', NULL, NULL, NULL, NULL, 'TqCPqRTiVD', '2020-06-10 17:06:31'),
(128, 180030, 'Joseph', 'Fraser', 'Donald', 'josephdonald', 'a0645e69186d6f9b65ce51dccafe232d', '1960-06-06', '2018-10-15', NULL, 'Male', '+639123456789', 'Success', 'Yes', 'Cat I', 'Blk 3 Lot 9', 'Romualdez St.', 'Daang Bakal', 'Mandaluyong City', NULL, NULL, NULL, NULL, 'BoPHtBPvIJ', '2020-06-10 17:06:31'),
(129, 180031, 'Hills', 'Patricia', 'Lee', 'hillslee', '383398101e53cbce96aef8bf5bb50b4a', '1989-01-01', '2018-01-05', NULL, 'Female', '+639123456789', 'Success', 'Yes', 'Cat II', 'Blk 3 Lot 10', 'J Fabella St.', 'Daang Bakal', 'Mandaluyong City', NULL, NULL, NULL, NULL, 'ArBYjNQnDH', '2020-06-10 17:06:31'),
(130, 180032, 'Garcia', 'Robert', 'James', 'garciajames', 'b2e1298dc2dd5b184857c58fae67161f', '1988-02-02', '2018-01-10', NULL, 'Male', '+639123456789', 'Discontinuation', 'Yes', 'Cat I', 'Blk 3 Lot 1', 'P. Martinez St.', 'Daang Bakal', 'Mandaluyong City', NULL, NULL, NULL, NULL, 'SfBMcBIpEN', '2020-06-10 17:06:31'),
(131, 180033, 'Jackson', 'Jeniffer', 'Marie', 'jacksonmarie', '34b677d009733afcf57e045219bfc516', '1987-03-03', '2018-01-15', NULL, 'Female', '+639123456789', 'Success', 'Yes', 'Cat I', 'Blk 3 Lot 2', 'J. Tiosejo St.', 'Daang Bakal', 'Mandaluyong City', NULL, NULL, NULL, NULL, 'QlDWvVPoNH', '2020-06-10 17:06:31'),
(132, 180034, 'Gibson', 'Michael', 'John', 'gibsonjohn', 'cb4b9078dea9f849fd4f00f1cfbf7a10', '1986-04-04', '2018-02-05', NULL, 'Male', '+639123456789', 'Success', 'Yes', 'Cat II', 'Blk 3 Lot 3', 'Magalona St.', 'Daang Bakal', 'Mandaluyong City', NULL, NULL, NULL, NULL, 'GbFYpHBdCQ', '2020-06-10 17:06:31'),
(133, 180035, 'Laing', 'Edgar', 'Jones', 'laingjones', '4f8b7fdad1d5a5466f911c80ec47d9f2', '1985-05-05', '2018-02-10', NULL, 'Female', '+639123456789', 'Discontinuation', 'Yes', 'Cat I', 'Blk 3 Lot 4', 'Romualdez St.', 'Daang Bakal', 'Mandaluyong City', NULL, NULL, NULL, NULL, 'ZwJElLGqNY', '2020-06-10 17:06:31'),
(134, 180036, 'Gordon', 'Linda', 'Grace', 'gordongrace', '0d539102310ae2ce906ee0b287e597d1', '1984-06-06', '2018-02-15', NULL, 'Male', '+639123456789', 'Discontinuation', 'Yes', 'Cat I', 'Blk 3 Lot 5', 'J Fabella St.', 'Daang Bakal', 'Mandaluyong City', NULL, NULL, NULL, NULL, 'VuHWtONvXZ', '2020-06-10 17:06:31'),
(135, 180037, 'Law', 'William', 'David', 'lawdavid', '9ff7aa4373d156a60072af7c5dd1680f', '1983-07-07', '2018-03-05', NULL, 'Female', '+639123456789', 'Success', 'Yes', 'Cat II', 'Blk 3 Lot 6', 'P. Martinez St.', 'Daang Bakal', 'Mandaluyong City', NULL, NULL, NULL, NULL, 'RlBAiWVxTA', '2020-06-10 17:06:31'),
(136, 180038, 'Lamont', 'Elizabeth', 'Edgar', 'lamontedgar', 'eb4853743800bf6c28705dcb8ee24768', '1982-08-08', '2018-03-10', NULL, 'Male', '+639123456789', 'Discontinuation', 'Yes', 'Cat I', 'Blk 3 Lot 7', 'J. Tiosejo St.', 'Daang Bakal', 'Mandaluyong City', NULL, NULL, NULL, NULL, 'IkLJmDRnXS', '2020-06-10 17:06:31'),
(137, 180039, 'Burnet', 'David', 'Thomas', 'burnetthomas', '9ba1919d2baed5646851c1baa5966cc6', '1981-09-09', '2018-03-15', NULL, 'Female', '+639123456789', 'Success', 'Yes', 'Cat I', 'Blk 3 Lot 8', 'Magalona St.', 'Daang Bakal', 'Mandaluyong City', NULL, NULL, NULL, NULL, 'HlDQeNIkAW', '2020-06-10 17:06:31'),
(138, 180040, 'Mackay', 'Barbara', 'Louise', 'mackaylouise', 'dbd33118bc339998f940fcd9369df619', '1980-10-10', '2018-04-05', NULL, 'Male', '+639123456789', 'Success', 'Yes', 'Cat II', 'Blk 3 Lot 9', 'Romualdez St.', 'Daang Bakal', 'Mandaluyong City', NULL, NULL, NULL, NULL, 'LjXTqNVtJH', '2020-06-10 17:06:31'),
(139, 180041, 'Burns', 'Mac', 'Gillies', 'burnsgillies', '238a1c3af87eb0627a2caf662f8de01e', '1979-11-11', '2018-04-10', NULL, 'Female', '+639123456789', 'Success', 'Yes', 'Cat I', 'Blk 3 Lot 10', 'J Fabella St.', 'Daang Bakal', 'Mandaluyong City', NULL, NULL, NULL, NULL, 'VmEYqVTzRY', '2020-06-10 17:06:31'),
(140, 180042, 'Allan', 'Bruce', 'Lang', 'allanlang', 'f8f6ed463d9998bc8850b75f25b39668', '1978-12-12', '2018-04-15', NULL, 'Male', '+639123456789', 'Discontinuation', 'Yes', 'Cat I', 'Blk 4 Lot 1', 'P. Martinez St.', 'Daang Bakal', 'Mandaluyong City', NULL, NULL, NULL, NULL, 'JzVOyXJeEG', '2020-06-10 17:06:31'),
(141, 180043, 'James', 'Richard', 'Peter', 'jamespeter', '0dfdda025704e9745c9d31f4521c4764', '1977-01-01', '2018-05-05', NULL, 'Female', '+639123456789', 'Success', 'Yes', 'Cat II', 'Blk 4 Lot 2', 'J. Tiosejo St.', 'Daang Bakal', 'Mandaluyong City', NULL, NULL, NULL, NULL, 'EaAPwARhLQ', '2020-06-10 17:06:31'),
(142, 180044, 'Gray', 'Susan', 'Paul', 'graypaul', '2187a0410f839d7aa45c53e026568b67', '1976-02-02', '2018-05-10', NULL, 'Male', '+639123456789', 'Discontinuation', 'Yes', 'Cat I', 'Blk 4 Lot 3', 'Magalona St.', 'Daang Bakal', 'Mandaluyong City', NULL, NULL, NULL, NULL, 'MiFErQIsHX', '2020-06-10 17:06:31'),
(143, 180045, 'Fraser', 'Joseph', 'Donald', 'fraserdonald', '8bd21f268dd044618fda96ce4e0fbc48', '1975-03-03', '2018-05-15', NULL, 'Female', '+639123456789', 'Success', 'Yes', 'Cat I', 'Blk 4 Lot 4', 'Romualdez St.', 'Daang Bakal', 'Mandaluyong City', NULL, NULL, NULL, NULL, 'LhVBqHKhAY', '2020-06-10 17:06:31'),
(144, 180046, 'Lee', 'Patricia', 'Hills', 'leehills', '22de8666c813c6f967192bd62e753703', '1974-04-04', '2018-06-05', NULL, 'Male', '+639123456789', 'Discontinuation', 'Yes', 'Cat II', 'Blk 4 Lot 5', 'J Fabella St.', 'Daang Bakal', 'Mandaluyong City', NULL, NULL, NULL, NULL, 'GqHWaTFrFC', '2020-06-10 17:06:31'),
(145, 180047, 'James', 'Robert', 'Garcia', 'jamesgarcia', '908eabe19f9e9cf887116add73b3d1a5', '1973-05-05', '2018-06-10', NULL, 'Female', '+639123456789', 'Success', 'Yes', 'Cat I', 'Blk 4 Lot 6', 'P. Martinez St.', 'Daang Bakal', 'Mandaluyong City', NULL, NULL, NULL, NULL, 'MdJLeLGtMO', '2020-06-10 17:06:31'),
(146, 180048, 'Marie', 'Jeniffer', 'Jackson', 'mariejackson', '1088ed9fa9ac22b7656f8cd710ac99ba', '1972-06-06', '2018-06-15', NULL, 'Male', '+639123456789', 'Success', 'Yes', 'Cat I', 'Blk 4 Lot 7', 'J. Tiosejo St.', 'Daang Bakal', 'Mandaluyong City', NULL, NULL, NULL, NULL, 'KmOQtIGnJT', '2020-06-10 17:06:31'),
(147, 180049, 'John', 'Michael', 'Gibson', 'johngibson', 'cba94f7d4100286065fc9885ac224aa9', '1971-07-07', '2018-07-05', NULL, 'Female', '+639123456789', 'Discontinuation', 'Yes', 'Cat II', 'Blk 4 Lot 8', 'Magalona St.', 'Daang Bakal', 'Mandaluyong City', NULL, NULL, NULL, NULL, 'FbWZjDBjTT', '2020-06-10 17:06:31'),
(148, 180050, 'Jones', 'Edgar', 'Laing', 'joneslaing', 'cc349c1766286b39573a2c7fd664a74c', '1970-08-08', '2018-07-10', NULL, 'Male', '+639123456789', 'Discontinuation', 'Yes', 'Cat I', 'Blk 4 Lot 9', 'Romualdez St.', 'Daang Bakal', 'Mandaluyong City', NULL, NULL, NULL, NULL, 'KmHXbILtUA', '2020-06-10 17:06:31'),
(149, 180051, 'Grace', 'Linda', 'Gordon', 'gracegordon', 'f1058fac0115cee3ca14b47028186408', '1969-09-09', '2018-07-15', NULL, 'Female', '+639123456789', 'Success', 'Yes', 'Cat I', 'Blk 4 Lot 10', 'J Fabella St.', 'Daang Bakal', 'Mandaluyong City', NULL, NULL, NULL, NULL, 'MnWSdFTsZV', '2020-06-10 17:06:31'),
(150, 180052, 'David', 'William', 'Law', 'davidlaw', 'd59d1e8436391cb73bcaddd8a3dbf086', '1968-10-10', '2018-08-05', NULL, 'Male', '+639123456789', 'Discontinuation', 'Yes', 'Cat II', 'Blk 5 Lot 1', 'P. Martinez St.', 'Daang Bakal', 'Mandaluyong City', NULL, NULL, NULL, NULL, 'EmSRlZHpHK', '2020-06-10 17:06:31'),
(151, 180053, 'Edgar', 'Elizabeth', 'Lamont', 'edgarlamont', '97300bf8b720896d4a8d1cbf42d8e723', '1967-11-11', '2018-08-10', NULL, 'Female', '+639123456789', 'Discontinuation', 'Yes', 'Cat I', 'Blk 5 Lot 2', 'J. Tiosejo St.', 'Daang Bakal', 'Mandaluyong City', NULL, NULL, NULL, NULL, 'JpYGiPKxRY', '2020-06-10 17:06:31'),
(152, 180054, 'Thomas', 'David', 'Burnet', 'thomasburnet', '4bf1ee0c57e7f78b7f06d85a9127bbdc', '1966-12-12', '2018-08-15', NULL, 'Male', '+639123456789', 'Success', 'Yes', 'Cat I', 'Blk 5 Lot 3', 'Magalona St.', 'Daang Bakal', 'Mandaluyong City', NULL, NULL, NULL, NULL, 'GjKDhOMkBV', '2020-06-10 17:06:31'),
(153, 180055, 'Louise', 'Barbara', 'Mackay', 'louisemackay', 'e16f3e6f1c6905d46b582bbee7398fb1', '1965-01-01', '2018-09-05', NULL, 'Female', '+639123456789', 'Success', 'Yes', 'Cat II', 'Blk 5 Lot 4', 'Romualdez St.', 'Daang Bakal', 'Mandaluyong City', NULL, NULL, NULL, NULL, 'ErTVoXYvLT', '2020-06-10 17:06:31'),
(154, 180056, 'Gillies', 'Mac', 'Burns', 'gilliesburns', 'a5e1c907afc59dfb5442dc4018bb56ba', '1964-02-02', '2018-09-10', NULL, 'Male', '+639123456789', 'Discontinuation', 'Yes', 'Cat I', 'Blk 5 Lot 5', 'J Fabella St.', 'Daang Bakal', 'Mandaluyong City', NULL, NULL, NULL, NULL, 'OwIIbHBlVO', '2020-06-10 17:06:31'),
(155, 180057, 'Lang', 'Bruce', 'Allan', 'langallan', '3ea634b63d960581f0aff4a79ec7ef6f', '1963-03-03', '2018-09-15', NULL, 'Female', '+639123456789', 'Discontinuation', 'Yes', 'Cat I', 'Blk 5 Lot 6', 'P. Martinez St.', 'Daang Bakal', 'Mandaluyong City', NULL, NULL, NULL, NULL, 'VsFNvLSkBG', '2020-06-10 17:06:31'),
(156, 180058, 'Peter', 'Richard', 'James', 'peterjames', '425988ab0628fb440f9941694ecb91fc', '1962-04-04', '2018-10-05', NULL, 'Male', '+639123456789', 'Discontinuation', 'Yes', 'Cat II', 'Blk 5 Lot 7', 'J. Tiosejo St.', 'Daang Bakal', 'Mandaluyong City', NULL, NULL, NULL, NULL, 'TeYLoGXoMS', '2020-06-10 17:06:31'),
(157, 180059, 'Paul', 'Susan', 'Gray', 'paulgray', '5f33c5f5fbb15ecd5e1210f9d3eee237', '1961-05-05', '2018-10-10', NULL, 'Female', '+639123456789', 'Success', 'Yes', 'Cat I', 'Blk 5 Lot 8', 'Magalona St.', 'Daang Bakal', 'Mandaluyong City', NULL, NULL, NULL, NULL, 'KmYIeNVgPN', '2020-06-10 17:06:31'),
(158, 180060, 'Donald', 'Joseph', 'Fraser', 'donaldfraser', 'a0645e69186d6f9b65ce51dccafe232d', '1960-06-06', '2018-10-15', NULL, 'Male', '+639123456789', 'Discontinuation', 'Yes', 'Cat II', 'Blk 5 Lot 9', 'Romualdez St.', 'Daang Bakal', 'Mandaluyong City', NULL, NULL, NULL, NULL, 'HrWMbBExBC', '2020-06-10 17:06:31'),
(159, 180061, 'Hills', 'Hills', 'Patricia', 'hillspatricia', '383398101e53cbce96aef8bf5bb50b4a', '1989-01-01', '2018-01-05', NULL, 'Female', '+639123456789', 'Success', 'Yes', 'Cat I', 'Blk 5 Lot 10', 'J Fabella St.', 'Daang Bakal', 'Mandaluyong City', NULL, NULL, NULL, NULL, 'StIJvEMxVD', '2020-06-10 17:06:31'),
(160, 180062, 'Garcia', 'Garcia', 'Robert', 'garciarobert', 'b2e1298dc2dd5b184857c58fae67161f', '1988-02-02', '2018-01-10', NULL, 'Male', '+639123456789', 'Success', 'Yes', 'Cat I', 'Blk 6 Lot 1', 'P. Martinez St.', 'Daang Bakal', 'Mandaluyong City', NULL, NULL, NULL, NULL, 'PbFIdCVgHT', '2020-06-10 17:06:31'),
(161, 180063, 'Jackson', 'Jackson', 'Jeniffer', 'jacksonjeniffer', '34b677d009733afcf57e045219bfc516', '1987-03-03', '2018-01-15', NULL, 'Female', '+639123456789', 'Discontinuation', 'Yes', 'Cat II', 'Blk 6 Lot 2', 'J. Tiosejo St.', 'Daang Bakal', 'Mandaluyong City', NULL, NULL, NULL, NULL, 'SoHBqHAxMA', '2020-06-10 17:06:31'),
(162, 180064, 'Gibson', 'Gibson', 'Michael', 'gibsonmichael', 'cb4b9078dea9f849fd4f00f1cfbf7a10', '1986-04-04', '2018-02-05', NULL, 'Male', '+639123456789', 'Discontinuation', 'Yes', 'Cat I', 'Blk 6 Lot 3', 'Magalona St.', 'Daang Bakal', 'Mandaluyong City', NULL, NULL, NULL, NULL, 'KqEVpFXcDK', '2020-06-10 17:06:31'),
(163, 180065, 'Laing', 'Laing', 'Edgar', 'laingedgar', '4f8b7fdad1d5a5466f911c80ec47d9f2', '1985-05-05', '2018-02-10', NULL, 'Female', '+639123456789', 'Discontinuation', 'Yes', 'Cat I', 'Blk 6 Lot 4', 'Romualdez St.', 'Daang Bakal', 'Mandaluyong City', NULL, NULL, NULL, NULL, 'PxSFgOJqTE', '2020-06-10 17:06:31'),
(164, 180066, 'Gordon', 'Gordon', 'Linda', 'gordonlinda', '0d539102310ae2ce906ee0b287e597d1', '1984-06-06', '2018-02-15', NULL, 'Male', '+639123456789', 'Success', 'Yes', 'Cat II', 'Blk 6 Lot 5', 'J Fabella St.', 'Daang Bakal', 'Mandaluyong City', NULL, NULL, NULL, NULL, 'BiQHbNKhWH', '2020-06-10 17:06:31'),
(165, 180067, 'Law', 'Law', 'William', 'lawwilliam', '9ff7aa4373d156a60072af7c5dd1680f', '1983-07-07', '2018-03-05', NULL, 'Female', '+639123456789', 'Discontinuation', 'Yes', 'Cat I', 'Blk 6 Lot 6', 'P. Martinez St.', 'Daang Bakal', 'Mandaluyong City', NULL, NULL, NULL, NULL, 'TxCOzFAxCG', '2020-06-10 17:06:31'),
(166, 180068, 'Lamont', 'Lamont', 'Elizabeth', 'lamontelizabeth', 'eb4853743800bf6c28705dcb8ee24768', '1982-08-08', '2018-03-10', NULL, 'Male', '+639123456789', 'Success', 'Yes', 'Cat I', 'Blk 6 Lot 7', 'J. Tiosejo St.', 'Daang Bakal', 'Mandaluyong City', NULL, NULL, NULL, NULL, 'DcLMqFMdRC', '2020-06-10 17:06:31');
INSERT INTO `patients` (`id`, `patient_id`, `firstname`, `middlename`, `lastname`, `username`, `password`, `dateofbirth`, `consultationdate`, `doctor_id`, `gender`, `mobilenumber`, `status`, `drtb`, `category`, `address`, `street`, `barangay`, `city`, `remarks`, `medicine_schedule`, `datestart`, `dateend`, `token`, `created_at`) VALUES
(167, 180069, 'Burnet', 'Burnet', 'David', 'burnetdavid', '9ba1919d2baed5646851c1baa5966cc6', '1981-09-09', '2018-03-15', NULL, 'Female', '+639123456789', 'Success', 'Yes', 'Cat II', 'Blk 6 Lot 8', 'Magalona St.', 'Daang Bakal', 'Mandaluyong City', NULL, NULL, NULL, NULL, 'EdMTiOYvZS', '2020-06-10 17:06:31'),
(168, 180070, 'Mackay', 'Mackay', 'Barbara', 'mackaybarbara', 'dbd33118bc339998f940fcd9369df619', '1980-10-10', '2018-04-05', NULL, 'Male', '+639123456789', 'Success', 'Yes', 'Cat I', 'Blk 6 Lot 9', 'Romualdez St.', 'Daang Bakal', 'Mandaluyong City', NULL, NULL, NULL, NULL, 'DvKTsOJqYB', '2020-06-10 17:06:31'),
(169, 180071, 'Steve', 'Edgar', 'Hills', 'stevehills', '238a1c3af87eb0627a2caf662f8de01e', '1979-11-11', '2018-01-05', NULL, 'Female', '+639123456789', 'Success', 'Yes', 'Cat I', 'Blk 6 Lot 10', 'J Fabella St.', 'Daang Bakal', 'Mandaluyong City', NULL, NULL, NULL, NULL, 'BtHWmQPeKP', '2020-06-10 17:06:31'),
(170, 180072, 'Steve', 'Thomas', 'Garcia', 'stevegarcia', 'f8f6ed463d9998bc8850b75f25b39668', '1978-12-12', '2018-01-10', NULL, 'Male', '+639123456789', 'Success', 'Yes', 'Cat II', 'Blk 7 Lot 1', 'P. Martinez St.', 'Daang Bakal', 'Mandaluyong City', NULL, NULL, NULL, NULL, 'HoWPxMEbAZ', '2020-06-10 17:06:31'),
(171, 180073, 'Steve', 'Louise', 'Jackson', 'stevejackson', '0dfdda025704e9745c9d31f4521c4764', '1977-01-01', '2018-01-15', NULL, 'Female', '+639123456789', 'Discontinuation', 'Yes', 'Cat I', 'Blk 7 Lot 2', 'J. Tiosejo St.', 'Daang Bakal', 'Mandaluyong City', NULL, NULL, NULL, NULL, 'AmCAsMToTW', '2020-06-10 17:06:31'),
(172, 180074, 'Steve', 'Gillies', 'Gibson', 'stevegibson', '2187a0410f839d7aa45c53e026568b67', '1976-02-02', '2018-02-05', NULL, 'Male', '+639123456789', 'Success', 'Yes', 'Cat I', 'Blk 7 Lot 3', 'Magalona St.', 'Daang Bakal', 'Mandaluyong City', NULL, NULL, NULL, NULL, 'ZgLNrSBuBQ', '2020-06-10 17:06:31'),
(173, 180075, 'Steve', 'Lang', 'Laing', 'stevelaing', '8bd21f268dd044618fda96ce4e0fbc48', '1975-03-03', '2018-02-10', NULL, 'Female', '+639123456789', 'Success', 'Yes', 'Cat II', 'Blk 7 Lot 4', 'Romualdez St.', 'Daang Bakal', 'Mandaluyong City', NULL, NULL, NULL, NULL, 'NlNDlWZwQT', '2020-06-10 17:06:31'),
(174, 180076, 'Steve', 'Peter', 'Gordon', 'stevegordon', '22de8666c813c6f967192bd62e753703', '1974-04-04', '2018-02-15', NULL, 'Male', '+639123456789', 'Success', 'Yes', 'Cat I', 'Blk 7 Lot 5', 'J Fabella St.', 'Daang Bakal', 'Mandaluyong City', NULL, NULL, NULL, NULL, 'YrWQeCCsQL', '2020-06-10 17:06:31'),
(175, 180077, 'Steve', 'Paul', 'Law', 'stevelaw', '908eabe19f9e9cf887116add73b3d1a5', '1973-05-05', '2018-03-05', NULL, 'Female', '+639123456789', 'Success', 'Yes', 'Cat I', 'Blk 7 Lot 6', 'P. Martinez St.', 'Daang Bakal', 'Mandaluyong City', NULL, NULL, NULL, NULL, 'YjVQdLRbRD', '2020-06-10 17:06:31'),
(176, 180078, 'Steve', 'Donald', 'Lamont', 'stevelamont', '1088ed9fa9ac22b7656f8cd710ac99ba', '1972-06-06', '2018-03-10', NULL, 'Male', '+639123456789', 'Discontinuation', 'Yes', 'Cat II', 'Blk 7 Lot 7', 'J. Tiosejo St.', 'Daang Bakal', 'Mandaluyong City', NULL, NULL, NULL, NULL, 'QbNKwKVkOT', '2020-06-10 17:06:31'),
(177, 180079, 'Steve', 'Hills', 'Burnet', 'steveburnet', 'cba94f7d4100286065fc9885ac224aa9', '1971-07-07', '2018-03-15', NULL, 'Female', '+639123456789', 'Discontinuation', 'Yes', 'Cat I', 'Blk 7 Lot 8', 'Magalona St.', 'Daang Bakal', 'Mandaluyong City', NULL, NULL, NULL, NULL, 'CdAYgNVlNF', '2020-06-10 17:06:31'),
(178, 180080, 'Steve', 'Garcia', 'Mackay', 'stevemackay', 'cc349c1766286b39573a2c7fd664a74c', '1970-08-08', '2018-04-05', NULL, 'Male', '+639123456789', 'Success', 'Yes', 'Cat I', 'Blk 7 Lot 9', 'Romualdez St.', 'Daang Bakal', 'Mandaluyong City', NULL, NULL, NULL, NULL, 'YfKZdGQjYC', '2020-06-10 17:06:31'),
(179, 180081, 'Steve', 'Jackson', 'Burns', 'steveburns', 'f1058fac0115cee3ca14b47028186408', '1969-09-09', '2018-04-10', NULL, 'Female', '+639123456789', 'Success', 'Yes', 'Cat II', 'Blk 7 Lot 10', 'J Fabella St.', 'Daang Bakal', 'Mandaluyong City', NULL, NULL, NULL, NULL, 'FaBIhSJjFX', '2020-06-10 17:06:31'),
(180, 180082, 'Steve', 'Gibson', 'Allan', 'steveallan', 'd59d1e8436391cb73bcaddd8a3dbf086', '1968-10-10', '2018-04-15', NULL, 'Male', '+639123456789', 'Discontinuation', 'Yes', 'Cat I', 'Blk 8 Lot 1', 'P. Martinez St.', 'Daang Bakal', 'Mandaluyong City', NULL, NULL, NULL, NULL, 'AxGIfXHqLX', '2020-06-10 17:06:31'),
(181, 180083, 'Steve', 'Laing', 'James', 'stevejames', '97300bf8b720896d4a8d1cbf42d8e723', '1967-11-11', '2018-05-05', NULL, 'Female', '+639123456789', 'Discontinuation', 'Yes', 'Cat I', 'Blk 8 Lot 2', 'J. Tiosejo St.', 'Daang Bakal', 'Mandaluyong City', NULL, NULL, NULL, NULL, 'UnYQwDCjVD', '2020-06-10 17:06:31'),
(182, 180084, 'Steve', 'Gordon', 'Gray', 'stevegray', '4bf1ee0c57e7f78b7f06d85a9127bbdc', '1966-12-12', '2018-05-10', NULL, 'Male', '+639123456789', 'Discontinuation', 'Yes', 'Cat II', 'Blk 8 Lot 3', 'Magalona St.', 'Daang Bakal', 'Mandaluyong City', NULL, NULL, NULL, NULL, 'FaXYlLNbMI', '2020-06-10 17:06:31'),
(183, 180085, 'Steve', 'Law', 'Fraser', 'stevefraser', 'e16f3e6f1c6905d46b582bbee7398fb1', '1965-01-01', '2018-05-15', NULL, 'Female', '+639123456789', 'Discontinuation', 'Yes', 'Cat I', 'Blk 8 Lot 4', 'Romualdez St.', 'Daang Bakal', 'Mandaluyong City', NULL, NULL, NULL, NULL, 'SmSXvUAlMG', '2020-06-10 17:06:31'),
(184, 180086, 'Steve', 'Lamont', 'Lee', 'stevelee', 'a5e1c907afc59dfb5442dc4018bb56ba', '1964-02-02', '2018-06-05', NULL, 'Male', '+639123456789', 'Success', 'Yes', 'Cat I', 'Blk 8 Lot 5', 'J Fabella St.', 'Daang Bakal', 'Mandaluyong City', NULL, NULL, NULL, NULL, 'EbPScWFkGD', '2020-06-10 17:06:31'),
(185, 180087, 'Edgar', 'Burnet', 'James', 'edgarjames', '3ea634b63d960581f0aff4a79ec7ef6f', '1963-03-03', '2018-06-10', NULL, 'Female', '+639123456789', 'Discontinuation', 'Yes', 'Cat II', 'Blk 8 Lot 6', 'P. Martinez St.', 'Daang Bakal', 'Mandaluyong City', NULL, NULL, NULL, NULL, 'AoFZaHPvFJ', '2020-06-10 17:06:31'),
(186, 180088, 'Steve', 'Mackay', 'Marie', 'stevemarie', '425988ab0628fb440f9941694ecb91fc', '1962-04-04', '2018-06-15', NULL, 'Male', '+639123456789', 'Success', 'Yes', 'Cat I', 'Blk 8 Lot 7', 'J. Tiosejo St.', 'Daang Bakal', 'Mandaluyong City', NULL, NULL, NULL, NULL, 'PuQIzVOeNT', '2020-06-10 17:06:31'),
(187, 180089, 'Steve', 'Burns', 'John', 'stevejohn', '5f33c5f5fbb15ecd5e1210f9d3eee237', '1961-05-05', '2018-07-05', NULL, 'Female', '+639123456789', 'Discontinuation', 'Yes', 'Cat II', 'Blk 8 Lot 8', 'Magalona St.', 'Daang Bakal', 'Mandaluyong City', NULL, NULL, NULL, NULL, 'WtCJlURfQC', '2020-06-10 17:06:31'),
(188, 180090, 'Steve', 'Allan', 'Jones', 'stevejones', '1088ed9fa9ac22b7656f8cd710ac99ba', '1960-06-06', '2018-07-10', NULL, 'Male', '+639123456789', 'Discontinuation', 'Yes', 'Cat I', 'Blk 8 Lot 9', 'Romualdez St.', 'Daang Bakal', 'Mandaluyong City', NULL, NULL, NULL, NULL, 'QwDWgTZeXK', '2020-06-10 17:06:31'),
(189, 180091, 'Steve', 'James', 'Grace', 'stevegrace', 'cba94f7d4100286065fc9885ac224aa9', '1971-07-07', '2018-07-15', NULL, 'Female', '+639123456789', 'Discontinuation', 'Yes', 'Cat I', 'Blk 8 Lot 10', 'J Fabella St.', 'Daang Bakal', 'Mandaluyong City', NULL, NULL, NULL, NULL, 'MpAMlBDfOL', '2020-06-10 17:06:31'),
(190, 180092, 'Steve', 'Gray', 'David', 'stevedavid', 'cc349c1766286b39573a2c7fd664a74c', '1970-08-08', '2018-08-05', NULL, 'Male', '+639123456789', 'Discontinuation', 'Yes', 'Cat II', 'Blk 9 Lot 1', 'P. Martinez St.', 'Daang Bakal', 'Mandaluyong City', NULL, NULL, NULL, NULL, 'NiFDpGIjHB', '2020-06-10 17:06:31'),
(191, 180093, 'Steve', 'Fraser', 'Edgar', 'steveedgar', 'f1058fac0115cee3ca14b47028186408', '1969-09-09', '2018-08-10', NULL, 'Female', '+639123456789', 'Discontinuation', 'Yes', 'Cat I', 'Blk 9 Lot 2', 'J. Tiosejo St.', 'Daang Bakal', 'Mandaluyong City', NULL, NULL, NULL, NULL, 'BaTNiEEoKB', '2020-06-10 17:06:31'),
(192, 180094, 'Steve', 'Patricia', 'Thomas', 'stevethomas', 'd59d1e8436391cb73bcaddd8a3dbf086', '1968-10-10', '2018-08-15', NULL, 'Male', '+639123456789', 'Success', 'Yes', 'Cat I', 'Blk 9 Lot 3', 'Magalona St.', 'Daang Bakal', 'Mandaluyong City', NULL, NULL, NULL, NULL, 'UwRXgTClDM', '2020-06-10 17:06:31'),
(193, 180095, 'Steve', 'Robert', 'Louise', 'stevelouise', '97300bf8b720896d4a8d1cbf42d8e723', '1967-11-11', '2018-09-05', NULL, 'Female', '+639123456789', 'Discontinuation', 'Yes', 'Cat II', 'Blk 9 Lot 4', 'Romualdez St.', 'Daang Bakal', 'Mandaluyong City', NULL, NULL, NULL, NULL, 'QoWKkPQfEI', '2020-06-10 17:06:31'),
(194, 180096, 'Steve', 'Jeniffer', 'Gillies', 'stevegillies', '4bf1ee0c57e7f78b7f06d85a9127bbdc', '1966-12-12', '2018-09-10', NULL, 'Male', '+639123456789', 'Success', 'Yes', 'Cat I', 'Blk 9 Lot 5', 'J Fabella St.', 'Daang Bakal', 'Mandaluyong City', NULL, NULL, NULL, NULL, 'IcGEeNXvLP', '2020-06-10 17:06:31'),
(195, 180097, 'Steve', 'Michael', 'Lang', 'stevelang', 'e16f3e6f1c6905d46b582bbee7398fb1', '1965-01-01', '2018-09-15', NULL, 'Female', '+639123456789', 'Discontinuation', 'Yes', 'Cat I', 'Blk 9 Lot 6', 'P. Martinez St.', 'Daang Bakal', 'Mandaluyong City', NULL, NULL, NULL, NULL, 'JpJLgQRfBB', '2020-06-10 17:06:31'),
(196, 180098, 'Steve', 'Edgar', 'Peter', 'stevepeter', 'a5e1c907afc59dfb5442dc4018bb56ba', '1964-02-02', '2018-10-05', NULL, 'Male', '+639123456789', 'Discontinuation', 'Yes', 'Cat II', 'Blk 9 Lot 7', 'J. Tiosejo St.', 'Daang Bakal', 'Mandaluyong City', NULL, NULL, NULL, NULL, 'FqBQpXLpNE', '2020-06-10 17:06:31'),
(197, 180099, 'Steve', 'Linda', 'Paul', 'stevepaul', '3ea634b63d960581f0aff4a79ec7ef6f', '1963-03-03', '2018-10-10', NULL, 'Female', '+639123456789', 'Discontinuation', 'Yes', 'Cat I', 'Blk 9 Lot 8', 'Magalona St.', 'Daang Bakal', 'Mandaluyong City', NULL, NULL, NULL, NULL, 'ZlGUrUOdAO', '2020-06-10 17:06:31'),
(198, 180100, 'Steve', 'William', 'Donald', 'stevedonald', '0e7721bcbb68faf656f98eed0832ac2c', '1962-04-04', '2018-10-15', NULL, 'Male', '+639123456789', 'Success', 'Yes', 'Cat I', 'Blk 9 Lot 9', 'Romualdez St.', 'Daang Bakal', 'Mandaluyong City', NULL, NULL, NULL, NULL, 'XoAVhTBbAM', '2020-06-10 17:06:31'),
(199, 190001, 'James', 'Tomkiewicz', 'Butt', 'jamesbutt', '10be781bc367883607e40a62d4ac2c66', '1997-02-22', '2019-01-01', NULL, 'Male', '+639184473532', 'Discontinuation', 'Yes', 'Cat I', 'Blk. 15', 'Welfareville Compound', 'Addition Hills', 'Mandaluyong City', NULL, NULL, NULL, NULL, 'WxWJdOFsGC', '2020-06-10 17:06:31'),
(200, 190002, 'Josephine', 'Zigomalas', 'Darakjy', 'josephinedarakjy', '58a70828e1ff278af67052978b069453', '1998-02-22', '2019-01-02', NULL, 'Female', '+639327305207', 'Discontinuation', 'Yes', 'Cat I', 'Blk. 19', 'Welfareville Compound', 'Addition Hills', 'Mandaluyong City', NULL, NULL, NULL, NULL, 'OzBQsOKqFB', '2020-06-10 17:06:31'),
(201, 190003, 'Art', 'Andrade', 'Venere', 'artvenere', '3417f75ef109eca35e2d903a22df68aa', '1994-03-21', '2019-01-03', NULL, 'Male', '+639831204433', 'Success', 'No', 'Cat II', 'Blk. 22', 'Welfareville Compound', 'Addition Hills', 'Mandaluyong City', NULL, NULL, NULL, NULL, 'BtVZrIChAL', '2020-06-10 17:06:31'),
(202, 190004, 'Lenna', 'Mcwalters', 'Paprocki', 'lennapaprocki', 'eda91946cc2bd63d991c6fe87d030093', '1993-03-20', '2019-01-04', NULL, 'Female', '+639474920503', 'Discontinuation', 'Yes', 'Cat I', '23', 'J.Luna', 'Bagong Silang', 'Mandaluyong City', NULL, NULL, NULL, NULL, 'UnBSfPJaZY', '2020-06-10 17:06:31'),
(203, 190005, 'Donette', 'Veness', 'Foller', 'donettefoller', '683876b24636a9a29267fdbf5f4829fc', '1999-02-22', '2019-01-05', NULL, 'Male', '+639283634876', 'Discontinuation', 'Yes', 'Cat II', '2', 'J.Luna', 'Bagong Silang', 'Mandaluyong City', NULL, NULL, NULL, NULL, 'NbDYdKGkRM', '2020-06-10 17:06:31'),
(204, 190006, 'Simona', 'Rampy', 'Morasca', 'simonamorasca', 'd4ab747e8f17b629722d9c5e4d8cb92a', '2000-02-22', '2019-01-06', NULL, 'Female', '+639484889253', 'Discontinuation', 'No', 'Cat I', '1', 'J.Luna', 'Bagong Silang', 'Mandaluyong City', NULL, NULL, NULL, NULL, 'LtPVdKFkNB', '2020-06-10 17:06:31'),
(205, 190007, 'Mitsue', 'Grasmick', 'Tollner', 'mitsuetollner', '15624da4bcad7448ee6e7934d6a6c30a', '1995-03-21', '2019-01-07', NULL, 'Male', '+639407655671', 'Success', 'Yes', 'Cat I', '743', 'E. Pantaleon', 'Barangka Drive', 'Mandaluyong City', NULL, NULL, NULL, NULL, 'LmSVvRJkYN', '2020-06-10 17:06:31'),
(206, 190008, 'Leota', 'Hisaw', 'Dilliard', 'leotadilliard', 'b3b15119bf470a349391aab67911cef2', '1994-03-20', '2019-01-08', NULL, 'Female', '+639189381423', 'Discontinuation', 'Yes', 'Cat II', '50', 'Oliveros St.', 'Barangka Ibaba', 'Mandaluyong City', NULL, NULL, NULL, NULL, 'HwQSvMXdBP', '2020-06-10 17:06:31'),
(207, 190009, 'Sage', 'Manzella', 'Wieser', 'sagewieser', '37cb5c396e46af97c84d4f05341a6703', '2001-02-22', '2019-01-09', NULL, 'Male', '+639723661985', 'Success', 'No', 'Cat I', '5', 'Pinatubo St.', 'Barangka Ilaya', 'Mandaluyong City', NULL, NULL, NULL, NULL, 'IiZZaXRaMQ', '2020-06-10 17:06:31'),
(208, 190010, 'Kris', 'Klapec', 'Marrier', 'krismarrier', '9c41bb5491cdfa8dec360af26e5eec92', '1993-05-31', '2019-01-10', NULL, 'Female', '+639204050212', 'Discontinuation', 'Yes', 'Cat II', '2', 'P. Oliveros cor. Kapok St.', 'Barangka Itaas', 'Mandaluyong City', NULL, NULL, NULL, NULL, 'NfSLeERrIA', '2020-06-10 17:06:31'),
(209, 190011, 'Minna', 'Writer', 'Amigon', 'minnaamigon', 'afa8f13a9cc26dc5665ea1a879df7abf', '1988-01-06', '2019-01-11', NULL, 'Male', '+639115484692', 'Discontinuation', 'Yes', 'Cat I', '603', 'E. Pantaleon', 'Barangka Drive', 'Mandaluyong City', NULL, NULL, NULL, NULL, 'ZmHKqQMgMB', '2020-06-10 17:06:31'),
(210, 190012, 'Abel', 'Erm', 'Maclead', 'abelmaclead', 'f350b34650bc52b8cb513ba705c9d0c6', '1990-02-07', '2019-01-12', NULL, 'Female', '+639982013140', 'Discontinuation', 'No', 'Cat I', '76', 'Oliveros St.', 'Barangka Ibaba', 'Mandaluyong City', NULL, NULL, NULL, NULL, 'GsLYcLOzID', '2020-06-10 17:06:31'),
(211, 190013, 'Kiley', 'Jaret', 'Caldarera', 'kileycaldarera', 'f18a9731e576415f2f20b96e7bd9204e', '1994-05-31', '2019-01-13', NULL, 'Male', '+639747889805', 'Discontinuation', 'Yes', 'Cat II', '22', 'Pinatubo St.', 'Barangka Ilaya', 'Mandaluyong City', NULL, NULL, NULL, NULL, 'MiEQqVWgUW', '2020-06-10 17:06:31'),
(212, 190014, 'Graciela', 'Bruch', 'Ruta', 'gracielaruta', '86d435aeef762bb467145cd676d19e11', '1992-03-01', '2019-01-14', NULL, 'Female', '+639873240117', 'Discontinuation', 'Yes', 'Cat I', '32', 'P. Oliveros cor. Kapok St.', 'Barangka Itaas', 'Mandaluyong City', NULL, NULL, NULL, NULL, 'YcVJcWZkCP', '2020-06-10 17:06:31'),
(213, 190015, 'Cammy', 'Gastellum', 'Albares', 'cammyalbares', '74b19e03d46ed6027b777202d0bb6c00', '1994-04-12', '2019-01-15', NULL, 'Male', '+639667054432', 'Discontinuation', 'No', 'Cat II', '444', 'E. Pantaleon', 'Barangka Drive', 'Mandaluyong City', NULL, NULL, NULL, NULL, 'WdWDvMRhHA', '2020-06-10 17:06:31'),
(214, 190016, 'Mattie', 'Throssell', 'Poquette', 'mattiepoquette', '5b4846a69dea9339bc591f45ab9aae47', '1995-05-31', '2019-01-16', NULL, 'Female', '+639256084784', 'Discontinuation', 'Yes', 'Cat I', '23', 'Oliveros St.', 'Barangka Ibaba', 'Mandaluyong City', NULL, NULL, NULL, NULL, 'ZySPzRDvOX', '2020-06-10 17:06:31'),
(215, 190017, 'Meaghan', 'Kanne', 'Garufi', 'meaghangarufi', '1b40c89e2f69a89334de0c0121f1f585', '1996-05-11', '2019-01-17', NULL, 'Male', '+639055904459', 'Discontinuation', 'Yes', 'Cat I', '98', 'Buayang Bato', 'Buayang Bato', 'Mandaluyong City', NULL, NULL, NULL, NULL, 'BzOZjOFdHK', '2020-06-10 17:06:31'),
(216, 190018, 'Gladys', 'Julio', 'Rim', 'gladysrim', 'ea5d3c4151093514c48455dee83f39eb', '1998-06-12', '2019-01-18', NULL, 'Female', '+639611536938', 'Discontinuation', 'No', 'Cat II', '19', 'Pag-asa St.', 'Burol', 'Mandaluyong City', NULL, NULL, NULL, NULL, 'EmKUyDGcIA', '2020-06-10 17:06:31'),
(217, 190019, 'Yuki', 'Spinello', 'Whobrey', 'yukiwhobrey', 'cfaebe752963fdd7e2c045acee20d8d4', '1996-05-31', '2019-01-19', NULL, 'Male', '+639150031693', 'Discontinuation', 'Yes', 'Cat I', '33', 'Kalengtong St.', 'Daang Bakal', 'Mandaluyong City', NULL, NULL, NULL, NULL, 'WqFVqLYyRL', '2020-06-10 17:06:31'),
(218, 190020, 'Fletcher', 'Lapinski', 'Flosi', 'fletcherflosi', 'c6f612a4aed377947474238e3096afc8', '2000-07-10', '2019-01-20', NULL, 'Female', '+639829645147', 'Discontinuation', 'Yes', 'Cat II', '44', 'Buayang Bato', 'Buayang Bato', 'Mandaluyong City', NULL, NULL, NULL, NULL, 'EzSDmTVyCR', '2020-06-10 17:06:31'),
(219, 190021, 'Bette', 'Gutierres', 'Nicka', 'bettenicka', '3c718e4ea1389005cc22a3210223057d', '2002-08-01', '2019-01-21', NULL, 'Male', '+639923617123', 'Success', 'No', 'Cat I', '55', 'Pag-asa St.', 'Burol', 'Mandaluyong City', NULL, NULL, NULL, NULL, 'HdDFyXGePF', '2020-06-10 17:06:31'),
(220, 190022, 'Veronika', 'Salvadore', 'Inouye', 'veronikainouye', '3f17bf7b0a0f9785cbe553119f8009b5', '1997-05-31', '2019-01-22', NULL, 'Female', '+639101954002', 'Discontinuation', 'Yes', 'Cat I', '67', 'Kalengtong St.', 'Daang Bakal', 'Mandaluyong City', NULL, NULL, NULL, NULL, 'OxULjNLjZK', '2020-06-10 17:06:31'),
(221, 190023, 'Willard', 'Teplica', 'Kolmetz', 'willardkolmetz', 'cab7c7368e3ab79feb83eaa454db220f', '2004-09-02', '2019-01-23', NULL, 'Male', '+639124376651', 'Success', 'Yes', 'Cat II', '88', 'Buayang Bato', 'Buayang Bato', 'Mandaluyong City', NULL, NULL, NULL, NULL, 'OaJHdYRmNW', '2020-06-10 17:06:31'),
(222, 190024, 'Maryann', 'Veigel', 'Royster', 'maryannroyster', '885f5f80bd5b329ebb5e7fb84e091d45', '1978-03-01', '2019-01-24', NULL, 'Female', '+639746492047', 'Success', 'No', 'Cat I', '99', 'Pag-asa St.', 'Burol', 'Mandaluyong City', NULL, NULL, NULL, NULL, 'XkVFaQEzTJ', '2020-06-10 17:06:31'),
(223, 190025, 'Alisha', 'Sitra', 'Slusarski', 'alishaslusarski', '2cefc3cc0bb6921f48c73633292b3c58', '1976-05-02', '2019-01-25', NULL, 'Male', '+639120215896', 'Discontinuation', 'Yes', 'Cat II', '64', 'Kalengtong St.', 'Daang Bakal', 'Mandaluyong City', NULL, NULL, NULL, NULL, 'AwFNdIRuSR', '2020-06-10 17:06:31'),
(224, 190026, 'Allene', 'Kufner', 'Iturbide', 'alleneiturbide', '6fb7959c705ae7787f34e03b6505bf0e', '1974-07-04', '2019-01-26', NULL, 'Female', '+639878183277', 'Success', 'Yes', 'Cat I', '32', 'Buayang Bato', 'Buayang Bato', 'Mandaluyong City', NULL, NULL, NULL, NULL, 'BwUXtRPqHJ', '2020-06-10 17:06:31'),
(225, 190027, 'Chanel', 'Tauras', 'Caudy', 'chanelcaudy', '905077ea68acedf56930fccf8c1a3687', '1972-09-04', '2019-01-27', NULL, 'Male', '+639489375613', 'Success', 'No', 'Cat I', '445', 'Pag-asa St.', 'Burol', 'Mandaluyong City', NULL, NULL, NULL, NULL, 'PsLAeXCpCS', '2020-06-10 17:06:31'),
(226, 190028, 'Ezekiel', 'Molaison', 'Chui', 'ezekielchui', '41614d9193fa17068aa87df134990543', '1970-11-06', '2019-01-28', NULL, 'Female', '+639532301226', 'Success', 'Yes', 'Cat II', '534', 'Pinagtipunan St.', 'Hagdang Bato Libis', 'Mandaluyong City', NULL, NULL, NULL, NULL, 'WnKKdWOwVT', '2020-06-10 17:06:31'),
(227, 190029, 'Willow', 'Growcock', 'Kusko', 'willowkusko', '45c5f998ca2553f171d3d87e96a21b18', '1969-01-07', '2019-01-29', NULL, 'Male', '+639471848676', 'Success', 'Yes', 'Cat I', '21', 'A. Bonifacio St.', 'Hagdang Bato Itaas', 'Mandaluyong City', NULL, NULL, NULL, NULL, 'ZjDCkCJzKW', '2020-06-10 17:06:31'),
(228, 190030, 'Bernardo', 'Quarto', 'Figeroa', 'bernardofigeroa', '77c0c0bcd0b8d151b085e4b7264a5a7e', '1967-03-11', '2019-01-30', NULL, 'Female', '+639470363402', 'Success', 'No', 'Cat II', '23', 'Daang Bakal St.', 'Harapin Ang Bukas', 'Mandaluyong City', NULL, NULL, NULL, NULL, 'OhWSzFGvAW', '2020-06-10 17:06:31'),
(229, 190031, 'Ammie', 'Weisinger', 'Corrio', 'ammiecorrio', 'd32726dbdb9c93ee738434c8d7a43d8b', '1977-02-01', '2019-01-31', NULL, 'Male', '+639166251219', 'Discontinuation', 'No', 'Cat I', '34', 'Marivelles St.', 'Highway Hills', 'Mandaluyong City', NULL, NULL, NULL, NULL, 'ZdCFyHTaCG', '2020-06-10 17:06:31'),
(230, 190032, 'Francine', 'Zelaya', 'Vocelka', 'francinevocelka', '8ae480b3cdefd2d7f7916db3414a8278', '1988-06-01', '2019-02-01', NULL, 'Female', '+639733666436', 'Discontinuation', 'Yes', 'Cat I', '564', 'Pinagtipunan St.', 'Hagdang Bato Libis', 'Mandaluyong City', NULL, NULL, NULL, NULL, 'TgMQkXDyLI', '2020-06-10 17:06:31'),
(231, 190033, 'Ernie', 'Savidge', 'Stenseth', 'erniestenseth', '29d8baa5a931a274356835bdf6a1f3db', '1988-06-02', '2019-02-02', NULL, 'Female', '+639423149923', 'Success', 'Yes', 'Cat II', '33', 'A. Bonifacio St.', 'Hagdang Bato Itaas', 'Mandaluyong City', NULL, NULL, NULL, NULL, 'FzYLvJFtSH', '2020-06-10 17:06:31'),
(232, 190034, 'Albina', 'Ear', 'Glick', 'albinaglick', 'e5590efb03c225226bcdc3ab9b6cefc4', '1988-06-03', '2019-02-03', NULL, 'Male', '+639796723940', 'Success', 'No', 'Cat I', '23', 'Daang Bakal St.', 'Harapin Ang Bukas', 'Mandaluyong City', NULL, NULL, NULL, NULL, 'OzKIdBJuTF', '2020-06-10 17:06:31'),
(233, 190035, 'Alishia', 'Cobbley', 'Sergi', 'alishiasergi', 'ccec9a4bc4d5dc0143a35bd4981b36b1', '1988-06-04', '2019-02-04', NULL, 'Male', '+639049860217', 'Success', 'No', 'Cat II', '42', 'Marivelles St.', 'Highway Hills', 'Mandaluyong City', NULL, NULL, NULL, NULL, 'EyPZiLJoTU', '2020-06-10 17:06:31'),
(234, 190036, 'Solange', 'Mould', 'Shinko', 'solangeshinko', '3980815816c6576890842730cd73812b', '1988-06-05', '2019-02-05', NULL, 'Female', '+639912010054', 'Discontinuation', 'Yes', 'Cat I', '46', 'Pinagtipunan St.', 'Hagdang Bato Libis', 'Mandaluyong City', NULL, NULL, NULL, NULL, 'FzLTgHCfLT', '2020-06-10 17:06:31'),
(235, 190037, 'Jose', 'Loperfido', 'Stockham', 'josestockham', 'da1e1d44d4602cbd25c7171d0ad2582d', '1988-06-06', '2019-02-06', NULL, 'Female', '+639361889273', 'Success', 'Yes', 'Cat I', '332', 'A. Bonifacio St.', 'Hagdang Bato Itaas', 'Mandaluyong City', NULL, NULL, NULL, NULL, 'PmQIfUPaXO', '2020-06-10 17:06:31'),
(236, 190038, 'Rozella', 'Sperazza', 'Ostrosky', 'rozellaostrosky', '9973e04153b8f5357b5a8cc46e35fd03', '1988-06-07', '2019-02-07', NULL, 'Male', '+639103516246', 'Discontinuation', 'No', 'Cat II', '211', 'Daang Bakal St.', 'Harapin Ang Bukas', 'Mandaluyong City', NULL, NULL, NULL, NULL, 'FbMQgWVlCR', '2020-06-10 17:06:31'),
(237, 190039, 'Valentine', 'Rawicki', 'Gillian', 'valentinegillian', '99b56f4ed2c018714f0850bf21c9d338', '1988-06-08', '2019-02-08', NULL, 'Male', '+639807890533', 'Success', 'No', 'Cat I', '3', 'Marivelles St.', 'Highway Hills', 'Mandaluyong City', NULL, NULL, NULL, NULL, 'KdNMpAWzLB', '2020-06-10 17:06:31'),
(238, 190040, 'Kati', 'Cua', 'Rulapaugh', 'katirulapaugh', '870cebe3c550fdf6a8159e57467ad80e', '1988-06-09', '2019-02-09', NULL, 'Female', '+639285520651', 'Success', 'Yes', 'Cat II', '23', 'Pinagtipunan St.', 'Hagdang Bato Libis', 'Mandaluyong City', NULL, NULL, NULL, NULL, 'WwMCpTXeRD', '2020-06-10 17:06:31'),
(239, 190041, 'Youlanda', 'Dulle', 'Schemmer', 'youlandaschemmer', 'f656093258030f2fcd9775851e97e565', '1988-06-10', '2019-02-10', NULL, 'Female', '+639465553422', 'Success', 'Yes', 'Cat I', '66', 'A. Bonifacio St.', 'Hagdang Bato Itaas', 'Mandaluyong City', NULL, NULL, NULL, NULL, 'RzEVfSZcZP', '2020-06-10 17:06:31'),
(240, 190042, 'Dyan', 'Cornelison', 'Oldroyd', 'dyanoldroyd', '453e5e6e8ca451b5056118867895faba', '1988-06-11', '2019-02-11', NULL, 'Male', '+639663454239', 'Success', 'No', 'Cat I', '55', 'Daang Bakal St.', 'Harapin Ang Bukas', 'Mandaluyong City', NULL, NULL, NULL, NULL, 'MfPQzBPlXL', '2020-06-10 17:06:31'),
(241, 190043, 'Roxane', 'Gunst', 'Campain', 'roxanecampain', 'cab7c7368e3ab79feb83eaa454db220f', '1988-06-12', '2019-02-12', NULL, 'Male', '+639009171025', 'Success', 'No', 'Cat II', '33', 'Marivelles St.', 'Highway Hills', 'Mandaluyong City', NULL, NULL, NULL, NULL, 'LkINxTWiWC', '2020-06-10 17:06:31'),
(242, 190044, 'Lavera', 'Bunselmeyer', 'Perin', 'laveraperin', 'a27c7a696397068940d0969cb3a1018a', '1978-03-01', '2019-02-13', NULL, 'Female', '+639421133094', 'Success', 'Yes', 'Cat I', '21', 'Pinagtipunan St.', 'Hagdang Bato Libis', 'Mandaluyong City', NULL, NULL, NULL, NULL, 'NdEMiCUnLA', '2020-06-10 17:06:31'),
(243, 190045, 'Erick', 'Turziano', 'Ferencz', 'erickferencz', '9f31bb8c837e395cbf23f6b5d244cb30', '1979-05-02', '2019-02-14', NULL, 'Female', '+639339345577', 'Success', 'Yes', 'Cat II', '34', 'A. Bonifacio St.', 'Hagdang Bato Itaas', 'Mandaluyong City', NULL, NULL, NULL, NULL, 'HkOIcZSoDA', '2020-06-10 17:06:31'),
(244, 190046, 'Fatima', 'Orizabal', 'Saylors', 'fatimasaylors', 'bfcd68d0cb75127403205c61961ed975', '1980-07-02', '2019-02-15', NULL, 'Male', '+639424898098', 'Success', 'No', 'Cat I', '32', 'Daang Bakal St.', 'Harapin Ang Bukas', 'Mandaluyong City', NULL, NULL, NULL, NULL, 'CsWOuCEbCV', '2020-06-10 17:06:31'),
(245, 190047, 'Jina', 'Clapham', 'Briddick', 'jinabriddick', '63b4675bdca84867fbe59f231ff2ded1', '1981-09-02', '2019-02-16', NULL, 'Male', '+639239634579', 'Success', 'No', 'Cat I', '89', 'Marivelles St.', 'Highway Hills', 'Mandaluyong City', NULL, NULL, NULL, NULL, 'WuYSfNQxYJ', '2020-06-10 17:06:31'),
(246, 190048, 'Kanisha', 'Devereux', 'Waycott', 'kanishawaycott', '62a430ba1e726c130023a07bd7175e7b', '1982-11-03', '2019-02-17', NULL, 'Female', '+639745505926', 'Success', 'Yes', 'Cat II', '66', 'Pinagtipunan St.', 'Hagdang Bato Libis', 'Mandaluyong City', NULL, NULL, NULL, NULL, 'MfJCfNGoTI', '2020-06-10 17:06:31'),
(247, 190049, 'Emerson', 'Aschoff', 'Bowley', 'emersonbowley', '768842ffc06f139d556abf943a436042', '1984-01-04', '2019-02-18', NULL, 'Female', '+639544769097', 'Success', 'Yes', 'Cat I', '77', 'Coronado St.', 'Hulo', 'Mandaluyong City', NULL, NULL, NULL, NULL, 'DoIBtQHlMT', '2020-06-10 17:06:31'),
(248, 190050, 'Blair', 'Kunimitsu', 'Malet', 'blairmalet', 'e575873f3528337f6a65cd72b6063d29', '1985-03-06', '2019-02-19', NULL, 'Male', '+639281613019', 'Discontinuation', 'No', 'Cat II', '44', 'J. Rizal St.', 'Mabini-J. Rizal', 'Mandaluyong City', NULL, NULL, NULL, NULL, 'DrKFwXWhQN', '2020-06-10 17:06:31'),
(249, 190051, 'Brock', 'Mosseri', 'Bolognia', 'brockbolognia', '772b33f8c2fd0e389a8af2a7d47dac85', '1986-05-07', '2019-02-20', NULL, 'Male', '+639504651227', 'Success', 'No', 'Cat I', '22', 'Makiling St.', 'Malamig', 'Mandaluyong City', NULL, NULL, NULL, NULL, 'EmTLqTSrVQ', '2020-06-10 17:06:31'),
(250, 190052, 'Lorrie', 'Sandlin', 'Nestle', 'lorrienestle', 'e32af262ae17290173b711d7e0cf8a1a', '1987-07-08', '2019-02-21', NULL, 'Female', '+639474920503', 'Discontinuation', 'Yes', 'Cat I', '11', 'Febrero St.', 'Mauway', 'Mandaluyong City', NULL, NULL, NULL, NULL, 'FlBWlHJhAJ', '2020-06-10 17:06:31'),
(251, 190053, 'Sabra', 'Neufville', 'Uyetake', 'sabrauyetake', 'f79aa20ea43dd35fe2d781fbc406198f', '1988-09-07', '2019-02-22', NULL, 'Female', '+639831204433', 'Discontinuation', 'Yes', 'Cat II', '233', 'J. Rizal St.', 'Namayan', 'Mandaluyong City', NULL, NULL, NULL, NULL, 'FqJFlFKzFF', '2020-06-10 17:06:31'),
(252, 190054, 'Marjory', 'Klingaman', 'Mastella', 'marjorymastella', 'd2f944399a17dc7bb6f002b2f4ce7b22', '1989-11-08', '2019-02-23', NULL, 'Male', '+639327305207', 'Discontinuation', 'No', 'Cat I', '332', 'Coronado St.', 'Hulo', 'Mandaluyong City', NULL, NULL, NULL, NULL, 'ZfUCcHNnOO', '2020-06-10 17:06:31'),
(253, 190055, 'Karl', 'Moonshower', 'Klonowski', 'karlklonowski', '34c4dab51eaa495b0264248d4bef9aa1', '1991-01-09', '2019-02-24', NULL, 'Male', '+639184473532', 'Success', 'No', 'Cat II', '33', 'J. Rizal St.', 'Mabini-J. Rizal', 'Mandaluyong City', NULL, NULL, NULL, NULL, 'KySGwUTmMF', '2020-06-10 17:06:31'),
(254, 190056, 'Tonette', 'Hiltner', 'Wenner', 'tonettewenner', 'ea29ad3928a3588cc50337e6044ddb87', '1992-03-11', '2019-02-25', NULL, 'Female', '+639447430814', 'Success', 'Yes', 'Cat I', '211', 'Makiling St.', 'Malamig', 'Mandaluyong City', NULL, NULL, NULL, NULL, 'KeZGwZZnBP', '2020-06-10 17:06:31'),
(255, 190057, 'Amber', 'Kopczynski', 'Monarrez', 'ambermonarrez', 'af2c1d058d6f2d50b99a8bdc049d3ecc', '1993-05-12', '2019-02-26', NULL, 'Female', '+639015475716', 'Success', 'Yes', 'Cat I', '311', 'Febrero St.', 'Mauway', 'Mandaluyong City', NULL, NULL, NULL, NULL, 'FzQRbVCfLD', '2020-06-10 17:06:31'),
(256, 190058, 'Shenika', 'Salta', 'Seewald', 'shenikaseewald', 'a69bbcb575c099ecce97e6f0569b7f26', '1989-07-01', '2019-02-27', NULL, 'Male', '+639437768405', 'Success', 'No', 'Cat II', '88', 'J. Rizal St.', 'Namayan', 'Mandaluyong City', NULL, NULL, NULL, NULL, 'NtMSlEQjCE', '2020-06-10 17:06:31'),
(257, 190059, 'Delmy', 'Kamens', 'Ahle', 'delmyahle', '7c8248a00b917072148549bbb5cb60c6', '1978-02-01', '2019-02-28', NULL, 'Male', '+639920826617', 'Discontinuation', 'No', 'Cat I', '33', 'Coronado St.', 'Hulo', 'Mandaluyong City', NULL, NULL, NULL, NULL, 'PnWMyOOwAJ', '2020-06-10 17:06:31'),
(258, 190060, 'Deeanna', 'Chisum', 'Juhas', 'deeannajuhas', 'e3342bd620c82aaef64b38f58c31ddcb', '1977-01-02', '2019-03-01', NULL, 'Female', '+639700631699', 'Success', 'Yes', 'Cat II', '111', 'J. Rizal St.', 'Mabini-J. Rizal', 'Mandaluyong City', NULL, NULL, NULL, NULL, 'EpIRkTEjUC', '2020-06-10 17:06:31'),
(259, 190061, 'Blondell', 'Consolazio', 'Pugh', 'blondellpugh', '9d4b6f5a6a627e083c782786923b8e0d', '1975-12-04', '2019-03-02', NULL, 'Female', '+639954905751', 'Success', 'Yes', 'Cat I', '22', 'Makiling St.', 'Malamig', 'Mandaluyong City', NULL, NULL, NULL, NULL, 'UoDOdQLjQX', '2020-06-10 17:06:31'),
(260, 190062, 'Jamal', 'Bairo', 'Vanausdal', 'jamalvanausdal', '4eea174b0eb9c2605074995796e7c860', '1974-11-04', '2019-03-03', NULL, 'Male', '+639951018382', 'Discontinuation', 'No', 'Cat I', '33', 'Febrero St.', 'Mauway', 'Mandaluyong City', NULL, NULL, NULL, NULL, 'GrOOnWUnPM', '2020-06-10 17:06:31'),
(261, 190063, 'Cecily', 'Noonon', 'Hollack', 'cecilyhollack', 'c75c8d45726c9df5b618ccc9d359452e', '1973-10-05', '2019-03-04', NULL, 'Male', '+639103245301', 'Discontinuation', 'No', 'Cat II', '77', 'J. Rizal St.', 'Namayan', 'Mandaluyong City', NULL, NULL, NULL, NULL, 'SkCSqFFvWP', '2020-06-10 17:06:31'),
(262, 190064, 'Carmelina', 'Cowser', 'Lindall', 'carmelinalindall', 'd9efff1f2c414dbdd1aad3588af241e5', '1972-09-05', '2019-03-05', NULL, 'Female', '+639711383665', 'Discontinuation', 'Yes', 'Cat I', '55', 'Coronado St.', 'Hulo', 'Mandaluyong City', NULL, NULL, NULL, NULL, 'CzVAwDXgXS', '2020-06-10 17:06:31'),
(263, 190065, 'Maurine', 'Smethers', 'Yglesias', 'maurineyglesias', '252cf20add31ba06878eb9f8294c4363', '1971-08-07', '2019-03-06', NULL, 'Female', '+639702733148', 'Success', 'Yes', 'Cat II', '33', 'J. Rizal St.', 'Mabini-J. Rizal', 'Mandaluyong City', NULL, NULL, NULL, NULL, 'GcWSwGBcRN', '2020-06-10 17:06:31'),
(264, 190066, 'Tawna', 'Yadao', 'Buvens', 'tawnabuvens', '1112b6cf85d452a10b3768df00c03e10', '1970-07-08', '2019-03-07', NULL, 'Male', '+639402230416', 'Success', 'No', 'Cat I', '112', 'Makiling St.', 'Malamig', 'Mandaluyong City', NULL, NULL, NULL, NULL, 'CjHFgDSeTO', '2020-06-10 17:06:31'),
(265, 190067, 'Penney', 'Hanton', 'Weight', 'penneyweight', '1c4a203623ad14119f937bd16c5f3560', '1969-06-08', '2019-03-08', NULL, 'Male', '+639656505717', 'Success', 'No', 'Cat I', '123', 'Febrero St.', 'Mauway', 'Mandaluyong City', NULL, NULL, NULL, NULL, 'DvMYsZJoXZ', '2020-06-10 17:06:31'),
(266, 190068, 'Elly', 'Ferenz', 'Morocco', 'ellymorocco', '897fa51788c2183b8354cf770a383ea1', '1968-05-09', '2019-03-09', NULL, 'Female', '+639858076881', 'Success', 'Yes', 'Cat II', '14', 'J. Rizal St.', 'Namayan', 'Mandaluyong City', NULL, NULL, NULL, NULL, 'LdZPyDKhNT', '2020-06-10 17:06:31'),
(267, 190069, 'Ilene', 'Cratch', 'Eroman', 'ileneeroman', 'ac857dc14eeee261049f4d3a1a5b313a', '1967-04-10', '2019-03-10', NULL, 'Female', '+639664482603', 'Discontinuation', 'Yes', 'Cat I', '3', 'Coronado St.', 'Hulo', 'Mandaluyong City', NULL, NULL, NULL, NULL, 'XuKCqHArGH', '2020-06-10 17:06:31'),
(268, 190070, 'Vallie', 'Rohaley', 'Mondella', 'valliemondella', 'c0d7affc281a64ed860ca889ff4cf931', '1966-03-11', '2019-03-11', NULL, 'Male', '+639587729197', 'Success', 'No', 'Cat II', '44', 'J. Rizal St.', 'Mabini-J. Rizal', 'Mandaluyong City', NULL, NULL, NULL, NULL, 'WxUTgOAtHL', '2020-06-10 17:06:31'),
(269, 190071, 'Kallie', 'Bassil', 'Blackwood', 'kallieblackwood', '70e7caeb9ea6987f465c2bb83a837686', '1965-02-09', '2019-03-12', NULL, 'Male', '+639676580192', 'Success', 'No', 'Cat I', '32', 'Star St.', 'Poblacion', 'Mandaluyong City', NULL, NULL, NULL, NULL, 'MuUMlUQjUP', '2020-06-10 17:06:31'),
(270, 190072, 'Johnetta', 'Rubano', 'Abdallah', 'johnettaabdallah', '018e4a03d1b496e793343892413f26a3', '1964-01-11', '2019-03-13', NULL, 'Female', '+639316581683', 'Discontinuation', 'Yes', 'Cat I', '34', 'Sitio 2 Bo. San Jose cor.', 'San jose', 'Mandaluyong City', NULL, NULL, NULL, NULL, 'FqZHiAVmZE', '2020-06-10 17:06:31'),
(271, 190073, 'Bobbye', 'Stifflemire', 'Rhym', 'bobbyerhym', 'ce7b7bb7639a9a917a9afcb4aed886dc', '1962-12-12', '2019-03-14', NULL, 'Female', '+639794360817', 'Success', 'Yes', 'Cat II', '56', 'Gen. Kalengtong St.', 'Pag asa', 'Mandaluyong City', NULL, NULL, NULL, NULL, 'XiYIyFRjQV', '2020-06-10 17:06:31'),
(272, 190074, 'Micaela', 'Paletta', 'Rhymes', 'micaelarhymes', '83a426fb5819359050a2939aea372f33', '1978-07-01', '2019-03-15', NULL, 'Male', '+639159478371', 'Success', 'No', 'Cat I', '211', 'Malaya St.', 'Plainview', 'Mandaluyong City', NULL, NULL, NULL, NULL, 'ZlGPrWWpIZ', '2020-06-10 17:06:31'),
(273, 190075, 'Tamar', 'Thurm', 'Hoogland', 'tamarhoogland', '8a133df282c97577fea0a19d058999bb', '1980-06-03', '2019-03-16', NULL, 'Male', '+639878371510', 'Success', 'No', 'Cat II', '22', 'Elino Cruz St.', 'Vegara', 'Mandaluyong City', NULL, NULL, NULL, NULL, 'KqRKnXItRE', '2020-06-10 17:06:31'),
(274, 190076, 'Moon', 'Venus', 'Parlato', 'moonparlato', 'ff3a4dba070aa679ef764b38f3a96029', '1982-05-07', '2019-03-17', NULL, 'Female', '+639951243012', 'Discontinuation', 'Yes', 'Cat I', '11', 'Star St.', 'Poblacion', 'Mandaluyong City', NULL, NULL, NULL, NULL, 'LpBHxBIwNF', '2020-06-10 17:06:31'),
(275, 190077, 'Laurel', 'Elkan', 'Reitler', 'laurelreitler', '983b9c2db33bdfc824706afa47b04355', '1984-04-09', '2019-03-18', NULL, 'Female', '+639583418651', 'Success', 'Yes', 'Cat I', '22', 'Sitio 2 Bo. San Jose cor.', 'San jose', 'Mandaluyong City', NULL, NULL, NULL, NULL, 'CvDHuTYdYD', '2020-06-10 17:06:31'),
(276, 190078, 'Delisa', 'Piehler', 'Crupi', 'delisacrupi', 'e3b5b381a9e2e7dd7dae5165ae5ef580', '1989-02-01', '2019-03-19', NULL, 'Male', '+639638841860', 'Discontinuation', 'No', 'Cat II', '33', 'Gen. Kalengtong St.', 'Pag asa', 'Mandaluyong City', NULL, NULL, NULL, NULL, 'TzBOrOJaOU', '2020-06-10 17:06:31'),
(277, 190079, 'Viva', 'Shulick', 'Toelkes', 'vivatoelkes', '3ba22bafc5714405914a66892cf22990', '1987-03-02', '2019-03-20', NULL, 'Male', '+639303908828', 'Success', 'No', 'Cat I', '443', 'Malaya St.', 'Plainview', 'Mandaluyong City', NULL, NULL, NULL, NULL, 'DoDIpMTwKT', '2020-06-10 17:06:31'),
(278, 190080, 'Elza', 'Kham', 'Lipke', 'elzalipke', '78691bb213de2c948a4e4a1bdfbfe8c1', '1986-09-02', '2019-03-21', NULL, 'Female', '+639717016573', 'Success', 'Yes', 'Cat II', '2', 'Elino Cruz St.', 'Vegara', 'Mandaluyong City', NULL, NULL, NULL, NULL, 'XdVOgXQlSE', '2020-06-10 17:06:31'),
(279, 190081, 'Devorah', 'Mancilla', 'Chickering', 'devorahchickering', '657127e8b99cdb5da42e3d76ac09561c', '1986-03-02', '2019-03-22', NULL, 'Female', '+639037318911', 'Success', 'Yes', 'Cat I', '3', 'Star St.', 'Poblacion', 'Mandaluyong City', NULL, NULL, NULL, NULL, 'NyCFvNAeQV', '2020-06-10 17:06:31'),
(280, 190082, 'Timothy', 'Brace', 'Mulqueen', 'timothymulqueen', '19dc0fae07e1d321580bfb5ed608a6fb', '1985-09-02', '2019-03-23', NULL, 'Male', '+639928003741', 'Success', 'No', 'Cat I', '43', 'Sitio 2 Bo. San Jose cor.', 'San jose', 'Mandaluyong City', NULL, NULL, NULL, NULL, 'MlHPhRYwTO', '2020-06-10 17:06:31'),
(281, 190083, 'Arlette', 'Vanwyhe', 'Honeywell', 'arlettehoneywell', '6fdda269acf9524eaa60ea28e134af69', '1985-03-02', '2019-03-24', NULL, 'Male', '+639271155255', 'Discontinuation', 'No', 'Cat II', '33', 'Gen. Kalengtong St.', 'Pag asa', 'Mandaluyong City', NULL, NULL, NULL, NULL, 'NyHYbIUjNJ', '2020-06-10 17:06:31'),
(282, 190084, 'Dominque', 'Filion', 'Dickerson', 'dominquedickerson', '780f097b28f2fe29e87acc4c43e5ed8f', '1984-09-02', '2019-03-25', NULL, 'Female', '+639015006767', 'Success', 'Yes', 'Cat I', '22', 'Malaya St.', 'Plainview', 'Mandaluyong City', NULL, NULL, NULL, NULL, 'JfFIgYOlLW', '2020-06-10 17:06:31'),
(283, 190085, 'Lettie', 'Frankel', 'Isenhower', 'lettieisenhower', 'd90b5e304d32c971cd50f8d72ed28ac4', '1984-03-02', '2019-03-26', NULL, 'Female', '+639475694694', 'Discontinuation', 'Yes', 'Cat II', '11', 'Elino Cruz St.', 'Vegara', 'Mandaluyong City', NULL, NULL, NULL, NULL, 'VlSGmNXnGS', '2020-06-10 17:06:31'),
(284, 190086, 'Myra', 'Joulwan', 'Munns', 'myramunns', '1abf0b6726f37d7b96b3866bf447efb3', '1983-09-02', '2019-03-27', NULL, 'Male', '+639970724653', 'Discontinuation', 'No', 'Cat I', '222', 'Star St.', 'Poblacion', 'Mandaluyong City', NULL, NULL, NULL, NULL, 'ZqFUeMCeZN', '2020-06-10 17:06:31'),
(285, 190087, 'Stephaine', 'Dormanen', 'Barfield', 'stephainebarfield', 'c0868314a220f82146fe1cddd6ec86c3', '1983-03-02', '2019-03-28', NULL, 'Male', '+639037961298', 'Discontinuation', 'No', 'Cat I', '332', 'Sitio 2 Bo. San Jose cor.', 'San jose', 'Mandaluyong City', NULL, NULL, NULL, NULL, 'WsQGrRCiTZ', '2020-06-10 17:06:31'),
(286, 190088, 'Lai', 'Coolidge', 'Gato', 'laigato', '5b7886c0f8400c11056b4ac92141d633', '1982-09-02', '2019-03-29', NULL, 'Female', '+639168857309', 'Success', 'Yes', 'Cat II', '22', 'Gen. Kalengtong St.', 'Pag asa', 'Mandaluyong City', NULL, NULL, NULL, NULL, 'EgOLsOHqCH', '2020-06-10 17:06:31'),
(287, 190089, 'Stephen', 'Drawe', 'Emigh', 'stephenemigh', 'bfcd68d0cb75127403205c61961ed975', '1982-03-02', '2019-03-30', NULL, 'Female', '+639314779413', 'Success', 'Yes', 'Cat I', '11', 'Malaya St.', 'Plainview', 'Mandaluyong City', NULL, NULL, NULL, NULL, 'HoIGkAEjSV', '2020-06-10 17:06:31'),
(288, 190090, 'Tyra', 'Gazzola', 'Shields', 'tyrashields', '9c3fc10840870d927d124f67d5236fd3', '1981-09-02', '2019-03-31', NULL, 'Male', '+639759387528', 'Success', 'No', 'Cat II', '222', 'Elino Cruz St.', 'Vegara', 'Mandaluyong City', NULL, NULL, NULL, NULL, 'CvXHeZCjUV', '2020-06-10 17:06:31'),
(289, 190091, 'Tammara', 'Alpheaus', 'Wardrip', 'tammarawardrip', 'cf4f541e0ecd5b4147ea5d2d390c08c7', '1981-03-02', '2019-04-01', NULL, 'Male', '+639662840621', 'Success', 'No', 'Cat I', '333', 'Star St.', 'Poblacion', 'Mandaluyong City', NULL, NULL, NULL, NULL, 'NdIFlDRfXW', '2020-06-10 17:06:31'),
(290, 190092, 'Cory', 'Ungar', 'Gibes', 'corygibes', 'd42d94dc89f90a05a946ed8f6da7524c', '1980-09-02', '2019-04-02', NULL, 'Female', '+639158219481', 'Success', 'Yes', 'Cat I', '43', 'Sitio 2 Bo. San Jose cor.', 'San jose', 'Mandaluyong City', NULL, NULL, NULL, NULL, 'HnYBvPLsES', '2020-06-10 17:06:31'),
(291, 190093, 'Danica', 'Fleckles', 'Bruschke', 'danicabruschke', '1faadf262e9ae0254c5cb0f3d6ba70a3', '1980-03-02', '2019-04-03', NULL, 'Female', '+639919880490', 'Success', 'Yes', 'Cat II', '22', 'Gen. Kalengtong St.', 'Pag asa', 'Mandaluyong City', NULL, NULL, NULL, NULL, 'QgMLqCFtTJ', '2020-06-10 17:06:31'),
(292, 190094, 'Wilda', 'Damato', 'Giguere', 'wildagiguere', 'c8055063988beccf28f8341be0ab37d6', '1979-09-02', '2019-04-04', NULL, 'Male', '+639088476557', 'Success', 'No', 'Cat I', '33', 'Malaya St.', 'Plainview', 'Mandaluyong City', NULL, NULL, NULL, NULL, 'VfRLrIGnRB', '2020-06-10 17:06:31'),
(293, 190095, 'Elvera', 'Fletchen', 'Benimadho', 'elverabenimadho', '1736ca0e05fc3a8b43ab6c9f93192081', '1979-03-02', '2019-04-05', NULL, 'Male', '+639499176649', 'Discontinuation', 'No', 'Cat II', '66', 'Pricenton St.', 'Wack-wack', 'Mandaluyong City', NULL, NULL, NULL, NULL, 'UeBTaTRtJY', '2020-06-10 17:06:31'),
(294, 190096, 'Carma', 'Gutoski', 'Vanheusen', 'carmavanheusen', '4e73e695eb406ec1b493327df6a66b8d', '1978-09-02', '2019-04-06', NULL, 'Female', '+639158449790', 'Success', 'Yes', 'Cat I', '55', 'C.Fernando St.', 'Plesant Hills', 'Mandaluyong City', NULL, NULL, NULL, NULL, 'TfPGyJOrCV', '2020-06-10 17:06:31'),
(295, 190097, 'Malinda', 'Riherd', 'Hochard', 'malindahochard', '41e3364fe70ccfeb2a24f1417ea074e5', '1978-03-02', '2019-04-07', NULL, 'Female', '+639043537710', 'Success', 'Yes', 'Cat I', '54', 'Gen. Kalengtong St.', 'Pag asa', 'Mandaluyong City', NULL, NULL, NULL, NULL, 'AcJMkHXbEU', '2020-06-10 17:06:31'),
(296, 190098, 'Natalie', 'Torner', 'Fern', 'nataliefern', '5f04370035cc96f74195b483b695207e', '1977-09-02', '2019-04-08', NULL, 'Male', '+639321234530', 'Success', 'No', 'Cat II', '3', 'Malaya St.', 'Plainview', 'Mandaluyong City', NULL, NULL, NULL, NULL, 'JeCGrHYjRU', '2020-06-10 17:06:31'),
(297, 190099, 'Lisha', 'Delisle', 'Centini', 'lishacentini', 'e95f3e2250eeb77b765e3a9bcad66771', '1977-09-03', '2019-04-09', NULL, 'Male', '+639231243593', 'Discontinuation', 'No', 'Cat I', '1503', 'Pricenton St.', 'Wack-wack', 'Mandaluyong City', NULL, NULL, NULL, NULL, 'YdECaQFlEJ', '2020-06-10 17:06:31'),
(298, 200001, 'Clian', 'Pia', 'Sy', 'cliansy', 'e95f3e2250eeb77b765e3a9bcad66771', '1986-10-01', '2020-02-01', NULL, 'Male', '+639213456789', 'Discontinuation', 'No', 'Cat I', '1', 'Molave', 'Addition Hills', 'Mandaluyong City', NULL, NULL, NULL, NULL, 'KeBYzGZgFB', '2020-06-10 17:06:31'),
(299, 200002, 'Kian', 'Pia', 'Sy', 'kiansy', '964371566050f8e66872817584f26edd', '1990-01-11', '2020-06-11', NULL, 'Female', '+639213456789', 'Ongoing', 'Yes', 'MDR', '21', 'Sen. neptali', 'Bagong Silang', 'Mandaluyong City', NULL, 'Monday,Tuesday,Wednesday,Thursday,Friday,Saturday,Sunday', '2020-06-12', '2020-06-12', 'InZXyPSbBC', '2020-06-10 17:06:31'),
(300, 200003, 'Dex', 'Pia', 'Sy', 'dexsy', 'faf812fa05d483b0c2e728d202a11c50', '1980-11-12', '2020-01-16', NULL, 'Male', '+639213456789', 'Ongoing', 'No', 'Cat I', '10', 'Sen. neptali', 'Vergara', 'Mandaluyong City', NULL, NULL, NULL, NULL, 'LaFEvCZjYV', '2020-06-10 17:06:31'),
(301, 200004, 'Kyde', 'Pia', 'Sy', 'kydesy', '99ed8d1e26ad67e222407bcccc496120', '1991-04-02', '2020-06-11', NULL, 'Male', '+639213456789', 'New', 'No', 'Cat I', '13', 'Sen. neptali', 'Hagdang Bato Itaas', 'Mandaluyong City', NULL, NULL, NULL, NULL, 'YaUCsSWfBD', '2020-06-10 17:06:31'),
(302, 200005, 'Klye', 'Pia', 'Sy', 'klyesy', 'c5f33debf362894a66728d6a1ae0c8d8', '1988-07-02', '2020-01-17', NULL, 'Male', '+639213456789', 'New', 'No', 'Cat I', '9', 'Sen. neptali', 'Highway Hills', 'Mandaluyong City', NULL, NULL, NULL, NULL, 'EmRYbBOcVH', '2020-06-10 17:06:31'),
(303, 200006, 'Clyde', 'Pia', 'Sy', 'clydesy', '8a178d27255383b503e1f3485b0feb49', '1999-11-11', '2020-01-18', NULL, 'Male', '+639213456789', 'Success', 'Yes', 'MDR', '3', 'Sen. neptali', 'Hagdang Bato Itaas', 'Mandaluyong City', NULL, NULL, NULL, NULL, 'JyZJoWEjAV', '2020-06-10 17:06:31'),
(304, 200007, 'Syd', 'Pia', 'Sy', 'sydsy', '64ebe1694d82a6478412a3228924b55b', '1989-01-12', '2020-01-18', NULL, 'Male', '+639213456789', 'Success', 'No', 'Cat II', '2', 'Sen. neptali', 'Bagong Silang', 'Mandaluyong City', NULL, NULL, NULL, NULL, 'FtZUyKDbOR', '2020-06-10 17:06:31'),
(305, 200008, 'Nik', 'Pia', 'Sy', 'niksy', '32cb306a427898fbc6542a5550a2cb05', '1992-12-05', '2020-01-18', NULL, 'Male', '+639213456789', 'Success', 'No', 'Cat II', '5', 'Sen. neptali', 'Daang Bakal', 'Mandaluyong City', NULL, NULL, NULL, NULL, 'BtWTdAMtYE', '2020-06-10 17:06:31'),
(306, 200009, 'Kien', 'Pia', 'Sy', 'kiensy', '4b041d74cdb4f8f01bb287692479ca73', '1999-10-04', '2020-01-20', NULL, 'Female', '+639213456789', 'Discontinuation', 'No', 'Cat II', '8', 'Sen. neptali', 'Harapin Ang Bukas', 'Mandaluyong City', NULL, NULL, NULL, NULL, 'VgNJaLHrIZ', '2020-06-10 17:06:31'),
(307, 200010, 'Moley', 'Pia', 'Sy', 'moleysy', 'bb794f4ab4b0e0d12350ac5aa8f93dbf', '1992-10-03', '2020-01-20', NULL, 'Male', '+639213456789', 'New', 'No', 'Cat I', '11', 'Sen. neptali', 'Mabini-J. Rizal', 'Mandaluyong City', NULL, NULL, NULL, NULL, 'HiSUaKDvNR', '2020-06-10 17:06:31'),
(308, 200011, 'Corone', 'Pia', 'Sy', 'coronesy', 'e582fc65de0a5198a3bbd20ed05a117a', '1991-10-21', '2020-01-20', NULL, 'Female', '+639213456789', 'New', 'No', 'Cat II', '21', 'Molave', 'Addition Hills', 'Mandaluyong City', NULL, NULL, NULL, NULL, 'WgRYgEXiHG', '2020-06-10 17:06:31'),
(309, 200012, 'Cyre', 'Pia', 'Sy', 'cyresy', '5c84b2a7d1fe667f567efaa7522ef05d', '1993-10-14', '2020-01-20', NULL, 'Male', '+639213456789', 'Discontinuation', 'No', 'Cat II', '14', 'Sen. neptali', 'Daang Bakal', 'Mandaluyong City', NULL, NULL, NULL, NULL, 'GoSKvCSoZA', '2020-06-10 17:06:31'),
(310, 200013, 'Rey', 'Pia', 'Sy', 'reysy', '61678b8f44e851ab95c0bb90df695268', '1997-11-09', '2020-01-20', NULL, 'Male', '+639213456789', 'New', 'No', 'Cat II', '15', 'Sen. neptali', 'Hagdang Bato Itaas', 'Mandaluyong City', NULL, NULL, NULL, NULL, 'OgHZjEMtCY', '2020-06-10 17:06:31'),
(311, 200014, 'Rayman', 'Pia', 'Sy', 'raymansy', 'aa7f6bf6d494bc2df2b75603293d69a4', '1982-05-03', '2020-01-20', NULL, 'Female', '+639213456789', 'New', 'No', 'Cat I', '11', 'Sen. neptali', 'Daang Bakal', 'Mandaluyong City', NULL, NULL, NULL, NULL, 'XtBHjZWfII', '2020-06-10 17:06:31'),
(312, 200015, 'Tyde', 'Pia', 'Sy', 'tydesy', '4c121cf705666a824e97a5e2767f8d5d', '1990-10-19', '2020-01-20', NULL, 'Male', '+639213456789', 'New', 'No', 'Cat II', '13', 'Sen. neptali', 'Mabini-J. Rizal', 'Mandaluyong City', NULL, NULL, NULL, NULL, 'YiRAdTTzQS', '2020-06-10 17:06:31'),
(313, 200016, 'Zon', 'Pia', 'Sy', 'zonsy', 'd760e9d827939c261bc8ad972b86c4f5', '1980-02-22', '2020-01-20', NULL, 'Male', '+639213456789', 'Ongoing', 'No', 'Cat II', '19', 'Sen. neptali', 'Hagdang Bato Libis', 'Mandaluyong City', NULL, NULL, NULL, NULL, 'JmMJgRKzKN', '2020-06-10 17:06:31'),
(314, 200017, 'Zen', 'Pia', 'Sy', 'zensy', '7d3c776ae2ca83352fffc9a483971826', '1998-11-12', '2020-01-20', NULL, 'Male', '+639213456789', 'New', 'No', 'Cat II', '8', 'Sen. neptali', 'Vergara', 'Mandaluyong City', NULL, NULL, NULL, NULL, 'OuVHnXEhBF', '2020-06-10 17:06:31'),
(315, 200018, 'Adrian', 'Pia', 'Sy', 'adriansy', '3ef4e4d576f9f11c6adec446d444943d', '1998-01-12', '2020-03-02', NULL, 'Female', '+639213456789', 'Success', 'No', 'Cat II', '6', 'Sen. neptali', 'Bagong Silang', 'Mandaluyong City', NULL, NULL, NULL, NULL, 'EsJHdRYkHF', '2020-06-10 17:06:31'),
(316, 200019, 'Vicky', 'Pia', 'Sy', 'vickysy', 'cc59613f39ed7a257f6d8d2f8d413839', '1987-04-12', '2020-03-02', NULL, 'Male', '+639213456789', 'Ongoing', 'No', 'Cat I', '7', 'Sen. neptali', 'Plainview', 'Mandaluyong City', NULL, NULL, NULL, NULL, 'QyVWzVCoZK', '2020-06-10 17:06:31'),
(317, 200020, 'Marvic', 'Pia', 'Sy', 'marvicsy', '945980184e2081fa18ab6b5675dc1b2a', '1980-06-06', '2020-03-02', NULL, 'Female', '+639213456789', 'Success', 'No', 'Cat I', '11', 'Sen. neptali', 'Daang Bakal', 'Mandaluyong City', NULL, NULL, NULL, NULL, 'DwHEvGOfCE', '2020-06-10 17:06:31'),
(318, 200021, 'Arthur', 'Pia', 'Sy', 'arthursy', '13c791334446d2c596647001f1775374', '1997-01-05', '2020-03-02', NULL, 'Male', '+639213456789', 'Discontinuation', 'No', 'Cat I', '31', 'Coronado', 'Hulo', 'Mandaluyong City', NULL, NULL, NULL, NULL, 'PsSYxOKtAC', '2020-06-10 17:06:31'),
(319, 200022, 'Mateo', 'Pia', 'Sy', 'mateosy', '9fc8e5a9f22e0d8c600c1f7429bdc228', '1961-09-16', '2020-05-02', NULL, 'Male', '+639213456789', 'Ongoing', 'No', 'Cat I', '21', 'Sen. neptali', 'Plainview', 'Mandaluyong City', NULL, NULL, NULL, NULL, 'FjGZsBDhKI', '2020-06-10 17:06:31'),
(320, 200023, 'Eric', 'Pia', 'Sy', 'ericsy', 'd59d1e8436391cb73bcaddd8a3dbf086', '1967-11-11', '2020-05-02', NULL, 'Male', '+639213456789', 'Ongoing', 'No', 'Cat II', '22', 'Sen. neptali', 'Daang Bakal', 'Mandaluyong City', NULL, NULL, NULL, NULL, 'InLJsGWwQE', '2020-06-10 17:06:31'),
(321, 200024, 'Kris', 'Pia', 'Sy', 'krissy', 'b0b0a63c7672a5258e8b3b337979b621', '1994-12-12', '2020-05-02', NULL, 'Male', '+639213456789', 'Ongoing', 'No', 'Cat I', '29', 'Coronado', 'Hulo', 'Mandaluyong City', NULL, NULL, NULL, NULL, 'UmOUsJUiSD', '2020-06-10 17:06:31'),
(322, 200025, 'Kin', 'Pia', 'Sy', 'kinsy', 'e8a7c41689299957b7502a6a9a9aa4d1', '1967-12-21', '2020-06-02', NULL, 'Female', '+639213456789', 'Discontinuation', 'Yes', 'MDR', '30', 'Coronado', 'Hulo', 'Mandaluyong City', NULL, NULL, NULL, NULL, 'OzMKgXZuTA', '2020-06-10 17:06:31'),
(323, 200026, 'Airec', 'Pia', 'Sy', 'airecsy', 'a9cfde819af26e6f9210362512847275', '1999-05-22', '2020-06-02', NULL, 'Male', '+639213456789', 'Discontinuation', 'No', 'Cat I', '131', 'Molave', 'Addition Hills', 'Mandaluyong City', NULL, NULL, NULL, NULL, 'TjPEbVKrQK', '2020-06-10 17:06:31'),
(324, 200027, 'Aelrich', 'Pia', 'Sy', 'aelrichsy', '0a2f621bb3fa9dd8dd3d1a84954bcac3', '1990-07-12', '2020-03-02', NULL, 'Male', '+639213456789', 'New', 'No', 'Cat I', '15', 'Sen. neptali', 'Pag-Asa', 'Mandaluyong City', NULL, NULL, NULL, NULL, 'LtAEcHKcOL', '2020-06-10 17:06:31'),
(325, 200028, 'Aaron', 'Pia', 'Sy', 'aaronsy', 'f2047dd33e0083ba58440bd99c11736b', '1990-11-09', '2020-03-02', NULL, 'Female', '+639213456789', 'New', 'No', 'Cat I', '11', 'Sen. neptali', 'Bagong Silang', 'Mandaluyong City', NULL, NULL, NULL, NULL, 'SvVKzAEjNQ', '2020-06-10 17:06:31'),
(326, 200029, 'Jaja', 'Pia', 'Sy', 'jajasy', '6c92b835d65a7a1edfeb62af93a59f38', '1991-09-09', '2020-04-02', NULL, 'Male', '+639213456789', 'Discontinuation', 'No', 'Cat I', '10', 'Sen. neptali', 'Plainview', 'Mandaluyong City', NULL, NULL, NULL, NULL, 'HrPAxDDpSM', '2020-06-10 17:06:31'),
(327, 200030, 'Joy', 'Pia', 'Sy', 'joysy', '2f5f1af976cf88cfcc07e0a1b173a4b0', '1993-11-08', '2020-04-02', NULL, 'Male', '+639213456789', 'Ongoing', 'No', 'Cat I', '9', 'Sen. neptali', 'Harapin Ang Bukas', 'Mandaluyong City', NULL, NULL, NULL, NULL, 'CqDUkNPzOM', '2020-06-10 17:06:31'),
(328, 200031, 'Jade', 'Pia', 'Sy', 'jadesy', 'a20c8695df4e3c0f068464c6ed128af4', '1993-02-01', '2020-05-02', NULL, 'Female', '+639213456789', 'Discontinuation', 'No', 'Cat I', '112', 'Sen. neptali', 'Barangka Itaas', 'Mandaluyong City', NULL, NULL, NULL, NULL, 'ZlSWrVYtIB', '2020-06-10 17:06:31'),
(329, 200032, 'Carlo', 'Pia', 'Sy', 'carlosy', 'e65ecb2ec9813d0f12dae13df8f3850f', '1997-10-21', '2020-05-02', NULL, 'Female', '+639213456789', 'New', 'No', 'Cat I', '51', 'Sen. neptali', 'Hagdang Bato Libis', 'Mandaluyong City', NULL, NULL, NULL, NULL, 'QsNIuBKeUV', '2020-06-10 17:06:31');
INSERT INTO `patients` (`id`, `patient_id`, `firstname`, `middlename`, `lastname`, `username`, `password`, `dateofbirth`, `consultationdate`, `doctor_id`, `gender`, `mobilenumber`, `status`, `drtb`, `category`, `address`, `street`, `barangay`, `city`, `remarks`, `medicine_schedule`, `datestart`, `dateend`, `token`, `created_at`) VALUES
(330, 200033, 'Geo', 'Pia', 'Sy', 'geosy', '646e5be8e1ece0164753a971a4c1b29f', '1995-11-09', '2020-06-02', NULL, 'Male', '+639213456789', 'Ongoing', 'No', 'Cat I', '9', 'Sen. neptali', 'Mabini-J. Rizal', 'Mandaluyong City', NULL, NULL, NULL, NULL, 'AeHClECkYV', '2020-06-10 17:06:31'),
(331, 200034, 'Daniel', 'Pia', 'Sy', 'danielsy', 'd7aa41b876c60ddf8e499fe33fd05beb', '1999-10-01', '2020-06-02', NULL, 'Female', '+639213456789', 'New', 'No', 'Cat II', '11', 'Sen. neptali', 'Pag-Asa', 'Mandaluyong City', NULL, NULL, NULL, NULL, 'CkVWfMFjRU', '2020-06-10 17:06:31'),
(332, 200035, 'Adrian', 'Pia', 'Sy', 'adriansy', 'b59a7de4415d76f0f4f530fd1a8ad963', '1987-10-08', '2020-02-02', NULL, 'Female', '+639213456789', 'Success', 'No', 'Cat II', '9', 'Sen. neptali', 'Plainview', 'Mandaluyong City', NULL, NULL, NULL, NULL, 'HeQKdUHrKH', '2020-06-10 17:06:31'),
(333, 200036, 'Daniel', 'Pia', 'Sy', 'danielsy', '1ea2f500d8f7bb1dc79fe453cccfd195', '1990-10-09', '2020-02-02', NULL, 'Female', '+639213456789', 'Success', 'Yes', 'MDR', '9', 'Sen. neptali', 'Hagdang Bato Libis', 'Mandaluyong City', NULL, NULL, NULL, NULL, 'YeFBhQZjFF', '2020-06-10 17:06:31'),
(334, 200037, 'Kian', 'Pia', 'Sy', 'kiansy', 'cb8d734538baf896626717b0b2b5c5f7', '1987-10-10', '2020-02-02', NULL, 'Male', '+639213456789', 'Ongoing', 'No', 'Cat I', '29', 'Sen. neptali', 'Vergara', 'Mandaluyong City', NULL, NULL, NULL, NULL, 'DfHPcFCvHX', '2020-06-10 17:06:31'),
(335, 200038, 'Jacob', 'Pia', 'Sy', 'jacobsy', '08d2f5004a8eff8a4a8e5e4bdf3b8671', '1987-10-11', '2020-02-02', NULL, 'Female', '+639213456789', 'Success', 'No', 'Cat II', '29', 'Coronado', 'Hulo', 'Mandaluyong City', NULL, NULL, NULL, NULL, 'AaRMkYVsKH', '2020-06-10 17:06:31'),
(336, 200039, 'Ciff', 'Pia', 'Sy', 'ciffsy', '54261fc719a2c4336ba0d68be3919117', '1988-10-12', '2020-02-13', NULL, 'Female', '+639213456789', 'New', 'No', 'Cat I', '132', 'Sen. neptali', 'Wack-Wack Green Hill East', 'Mandaluyong City', NULL, NULL, NULL, NULL, 'XvZLaSGyRD', '2020-06-10 17:06:31'),
(337, 200040, 'Cliff', 'Pia', 'Sy', 'cliffsy', '933563991dad3ebe7bc631afc4269e07', '1987-10-13', '2020-02-13', NULL, 'Male', '+639213456789', 'Success', 'No', 'Cat II', '29', 'Sen. neptali', 'Wack-Wack Green Hill East', 'Mandaluyong City', NULL, NULL, NULL, NULL, 'DhOCsNUkFZ', '2020-06-10 17:06:31'),
(338, 200041, 'Rose', 'Pia', 'Sy', 'rosesy', 'c6de8f78ef3d0935bd23f7c7868f11a0', '1987-10-14', '2020-02-13', NULL, 'Male', '+639213456789', 'Success', 'No', 'Cat I', '9', 'Sen. neptali', 'Daang Bakal', 'Mandaluyong City', NULL, NULL, NULL, NULL, 'DwFCzSGnOW', '2020-06-10 17:06:31'),
(339, 200042, 'Althea', 'Pia', 'Sy', 'altheasy', 'ded9c93ae983788cd0d70d6fe54f2c76', '1988-10-15', '2020-02-13', NULL, 'Male', '+639213456789', 'Discontinuation', 'No', 'Cat I', '25', 'Sen. neptali', 'Mauway', 'Mandaluyong City', NULL, NULL, NULL, NULL, 'ZxUHlCVxBQ', '2020-06-10 17:06:31'),
(340, 200043, 'Clifford', 'Pia', 'Sy', 'cliffordsy', '069debc7c2a9163dc43099e8d1c02bee', '1987-10-16', '2020-02-13', NULL, 'Female', '+639213456789', 'New', 'No', 'Cat I', '21', 'Sen. neptali', 'Barangka Itaas', 'Mandaluyong City', NULL, NULL, NULL, NULL, 'YcVFrSYwBX', '2020-06-10 17:06:31'),
(341, 200044, 'Gloria', 'Pia', 'Sy', 'gloriasy', '94a0ab68566a6375883053d4b58f57dd', '1987-10-17', '2020-02-13', NULL, 'Female', '+639213456789', 'New', 'No', 'Cat I', '29', 'Coronado', 'Hulo', 'Mandaluyong City', NULL, NULL, NULL, NULL, 'CsRLjHJjSV', '2020-06-10 17:06:31'),
(342, 200045, 'Abay', 'Pia', 'Sy', 'abaysy', '3626ec81d93ceba3873a5cf2eeed5e95', '1987-10-18', '2020-02-13', NULL, 'Male', '+639213456789', 'Success', 'No', 'Cat II', '21', 'Sen. neptali', 'Mauway', 'Mandaluyong City', NULL, NULL, NULL, NULL, 'CuOOpRItFY', '2020-06-10 17:06:31'),
(343, 200046, 'Hanz', 'Pia', 'Sy', 'hanzsy', '6b5864e15f3b0edd46a13ce2dc167a33', '1987-10-19', '2020-02-13', NULL, 'Male', '+639213456789', 'Ongoing', 'Yes', 'MDR', '11', 'Sen. neptali', 'Bagong Silang', 'Mandaluyong City', NULL, NULL, NULL, NULL, 'TfCYjKMiNZ', '2020-06-10 17:06:31'),
(344, 200047, 'Renz', 'Pia', 'Sy', 'renzsy', '3add8924361f9b9ad6659eea91429482', '1987-10-20', '2020-02-13', NULL, 'Male', '+639213456789', 'New', 'No', 'Cat I', '11', 'Sen. neptali', 'Barangka Itaas', 'Mandaluyong City', NULL, NULL, NULL, NULL, 'SoYSpFQuSR', '2020-06-10 17:06:31'),
(345, 200048, 'Clark', 'Pia', 'Sy', 'clarksy', 'c9fecc0288a1e12b03cade96437b0ffa', '1987-10-21', '2020-02-13', NULL, 'Female', '+639213456789', 'New', 'No', 'Cat I', '9', 'Sen. neptali', 'Pleasant Hills', 'Mandaluyong City', NULL, NULL, NULL, NULL, 'TuWUeJQbAG', '2020-06-10 17:06:31'),
(346, 200049, 'Clarc', 'Pia', 'Sy', 'clarcsy', '72ed4a2b21afa47e2a8343f9a208902f', '1987-10-22', '2020-02-13', NULL, 'Male', '+639213456789', 'Discontinuation', 'No', 'Cat I', '9', 'Sen. neptali', 'Buayang Bato', 'Mandaluyong City', NULL, NULL, NULL, NULL, 'UiQWrZBkWW', '2020-06-10 17:06:31'),
(347, 200050, 'Celcirh', 'Pia', 'Sy', 'celcirhsy', '004b8018cace11355588f529df263da3', '1987-10-23', '2020-02-13', NULL, 'Male', '+639213456789', 'Discontinuation', 'No', 'Cat II', '31', 'Sen. neptali', 'Barangka Itaas', 'Mandaluyong City', NULL, NULL, NULL, NULL, 'XyIJmQMfOQ', '2020-06-10 17:06:31'),
(348, 200051, 'Abohn', 'Pia', 'Sy', 'abohnsy', 'bd476d6c85a673d07e88c61f882e921d', '1987-10-24', '2020-02-21', NULL, 'Female', '+639213456789', 'New', 'No', 'Cat II', '31', 'Sen. neptali', 'Wack-Wack Green Hill East', 'Mandaluyong City', NULL, NULL, NULL, NULL, 'LdGWiWSoCE', '2020-06-10 17:06:31'),
(349, 200052, 'Adriana', 'Pia', 'Sy', 'adrianasy', '16be3fef4c2c6537587b83be15e7fa70', '1987-10-25', '2020-02-22', NULL, 'Female', '+639213456789', 'Success', 'No', 'Cat II', '31', 'Sen. neptali', 'Hagdang Bato Itaas', 'Mandaluyong City', NULL, NULL, NULL, NULL, 'OjAMtJLqXR', '2020-06-10 17:06:31'),
(350, 200053, 'Yask', 'Pia', 'Sy', 'yasksy', '1ea2f500d8f7bb1dc79fe453cccfd195', '1990-10-09', '2020-02-22', NULL, 'Male', '+639213456789', 'Ongoing', 'No', 'Cat II', '21', 'Sen. neptali', 'Barangka Itaas', 'Mandaluyong City', NULL, NULL, NULL, NULL, 'QnHTlTYbDO', '2020-06-10 17:06:31'),
(351, 200054, 'Jenaina', 'Pia', 'Sy', 'jenainasy', '8bfc1847dc5eeefdc267b157c5feff2b', '1990-10-10', '2020-02-23', NULL, 'Female', '+639213456789', 'Success', 'Yes', 'MDR', '11', 'Molave', 'Addition Hills', 'Mandaluyong City', NULL, NULL, NULL, NULL, 'AcNJaUXzIO', '2020-06-10 17:06:31'),
(352, 200055, 'Jade', 'Pia', 'Sy', 'jadesy', '5c55fbf3ad4327900138400a5974fe3c', '1990-10-11', '2020-05-03', NULL, 'Female', '+639213456789', 'Success', 'No', 'Cat II', '31', 'Coronado', 'Hulo', 'Mandaluyong City', NULL, NULL, NULL, NULL, 'MyXFrXGkNE', '2020-06-10 17:06:31'),
(353, 200056, 'Jude', 'Pia', 'Sy', 'judesy', 'ced627d20a61ca06d8f32116fb018810', '1990-10-12', '2020-05-03', NULL, 'Male', '+639213456789', 'Ongoing', 'Yes', 'MDR', '31', 'Sen. neptali', 'Pleasant Hills', 'Mandaluyong City', NULL, NULL, NULL, NULL, 'LsRGzNBmRA', '2020-06-10 17:06:31'),
(354, 200057, 'Joy Anne', 'Pia', 'Sy', 'joy annesy', '5c55fbf3ad4327900138400a5974fe3c', '1990-10-11', '2020-05-03', NULL, 'Female', '+639213456789', 'Ongoing', 'No', 'Cat II', '31', 'Coronado', 'Hulo', 'Mandaluyong City', NULL, NULL, NULL, NULL, 'BfYWkWJmYQ', '2020-06-10 17:06:31'),
(355, 200058, 'Ralph', 'Pia', 'Sy', 'ralphsy', '39cb1470aabb76fb085119d550ad1ef3', '1990-10-04', '2020-05-03', NULL, 'Male', '+639213456789', 'New', 'No', 'Cat II', '21', 'Sen. neptali', 'Wack-Wack Green Hill East', 'Mandaluyong City', NULL, NULL, NULL, NULL, 'XzYNnANdPO', '2020-06-10 17:06:31'),
(356, 200059, 'Anne', 'Pia', 'Sy', 'annesy', 'e381719a9eddd32d3b246b672cbe7dcf', '1990-10-05', '2020-05-03', NULL, 'Female', '+639213456789', 'Discontinuation', 'Yes', 'MDR', '31', 'Sen. neptali', 'Mabini-J. Rizal', 'Mandaluyong City', NULL, NULL, NULL, NULL, 'RiAXaZDkSU', '2020-06-10 17:06:31'),
(357, 200060, 'Aurtoritu', 'Pia', 'Sy', 'aurtoritusy', '8bfc1847dc5eeefdc267b157c5feff2b', '1990-10-10', '2020-05-03', NULL, 'Male', '+639213456789', 'Success', 'Yes', 'MDR', '31', 'Sen. neptali', 'Bagong Silang', 'Mandaluyong City', NULL, NULL, NULL, NULL, 'KkUVtHClUJ', '2020-06-10 17:06:31'),
(358, 200061, 'Vini', 'Pia', 'Sy', 'vinisy', '5c55fbf3ad4327900138400a5974fe3c', '1990-10-11', '2020-05-03', NULL, 'Female', '+639213456789', 'Success', 'Yes', 'MDR', '31', 'Sen. neptali', 'Hagdang Bato Itaas', 'Mandaluyong City', NULL, NULL, NULL, NULL, 'XwHKbKChRR', '2020-06-10 17:06:31'),
(359, 200062, 'Layla', 'Pia', 'Sy', 'laylasy', 'fe333ec874a62fe3f783d3d2e3ac53d2', '1990-10-07', '2020-05-03', NULL, 'Female', '+639213456789', 'Discontinuation', 'Yes', 'MDR', '31', 'Coronado', 'Hulo', 'Mandaluyong City', NULL, NULL, NULL, NULL, 'PrNZeHVaHV', '2020-06-10 17:06:31'),
(360, 200063, 'Sett', 'Pia', 'Sy', 'settsy', '1ea2f500d8f7bb1dc79fe453cccfd195', '1990-10-09', '2020-05-03', NULL, 'Male', '+639213456789', 'Success', 'No', 'Cat I', '31', 'Sen. neptali', 'Harapin Ang Bukas', 'Mandaluyong City', NULL, NULL, NULL, NULL, 'KuLMcPFaKM', '2020-06-10 17:06:31'),
(361, 200064, 'Vayne', 'Pia', 'Sy', 'vaynesy', 'dbe10766b7339f662174acf47d397535', '1990-10-01', '2020-05-03', NULL, 'Female', '+639213456789', 'Success', 'No', 'Cat I', '9', 'Sen. neptali', 'Barangka Itaas', 'Mandaluyong City', NULL, NULL, NULL, NULL, 'CiPLaILaDR', '2020-06-10 17:06:31'),
(362, 200065, 'Ash', 'Pia', 'Sy', 'ashsy', '8bfc1847dc5eeefdc267b157c5feff2b', '1990-10-10', '2020-05-03', NULL, 'Female', '+639213456789', 'Success', 'No', 'Cat I', '31', 'Molave', 'Addition Hills', 'Mandaluyong City', NULL, NULL, NULL, NULL, 'NuBPaERhEV', '2020-06-10 17:06:31'),
(363, 200066, 'Zed', 'Pia', 'Sy', 'zedsy', '7ff8961b45ce9a02dfe5d3f6650b9952', '1987-11-08', '2020-05-03', NULL, 'Male', '+639213456789', 'New', 'No', 'Cat I', '31', 'Sen. neptali', 'Old Zaniga', 'Mandaluyong City', NULL, NULL, NULL, NULL, 'NpCYyTHiHA', '2020-06-10 17:06:31'),
(364, 200067, 'Lux', 'Pia', 'Sy', 'luxsy', '63f27d85e80da878fc997d106cb3eadc', '1971-11-09', '2020-05-03', NULL, 'Female', '+639213456789', 'Discontinuation', 'No', 'Cat I', '31', 'Sen. neptali', 'Barangka Ilaya', 'Mandaluyong City', NULL, NULL, NULL, NULL, 'TeREfOWeHS', '2020-06-10 17:06:31'),
(365, 200068, 'Urgot', 'Pia', 'Sy', 'urgotsy', '3e05f230e99da342a992c7d2e663f7b3', '1988-11-10', '2020-05-03', NULL, 'Male', '+639213456789', 'Success', 'Yes', 'MDR', '64', 'Sen. neptali', 'Mabini-J. Rizal', 'Mandaluyong City', NULL, NULL, NULL, NULL, 'IaGIxTHsJS', '2020-06-10 17:06:31'),
(366, 200069, 'Yasuo', 'Pia', 'Sy', 'yasuosy', '2caa6a1b0389945c7f1200e63958fbee', '1980-11-11', '2020-03-13', NULL, 'Male', '+639213456789', 'Ongoing', 'Yes', 'MDR', '31', 'Coronado', 'Hulo', 'Mandaluyong City', NULL, NULL, NULL, NULL, 'MzOIyGRrLV', '2020-06-10 17:06:31'),
(367, 200070, 'Shiv', 'Pia', 'Sy', 'shivsy', '6162c53335a8257f984b9220ba5959c3', '1987-11-12', '2020-03-13', NULL, 'Female', '+639213456789', 'Success', 'No', 'Cat I', '31', 'Sen. neptali', 'Wack-Wack Green Hill East', 'Mandaluyong City', NULL, NULL, NULL, NULL, 'AwAEgUYoDV', '2020-06-10 17:06:31'),
(368, 200071, 'Kindred', 'Pia', 'Sy', 'kindredsy', '2c8c68bfe85fd3dd65002364e6abcbc3', '1987-11-03', '2020-03-13', NULL, 'Male', '+639213456789', 'Discontinuation', 'No', 'MDR', '31', 'Sen. neptali', 'Barangka Ilaya', 'Mandaluyong City', NULL, NULL, NULL, NULL, 'IqFMyOCzOY', '2020-06-10 17:06:31'),
(369, 200072, 'Fizz', 'Pia', 'Sy', 'fizzsy', '2c8c68bfe85fd3dd65002364e6abcbc3', '1987-11-03', '2020-03-13', NULL, 'Male', '+639213456789', 'Ongoing', 'No', 'Cat I', '31', 'Sen. neptali', 'Barangka Itaas', 'Mandaluyong City', NULL, NULL, NULL, NULL, 'IoLXdWJbOH', '2020-06-10 17:06:31'),
(370, 200073, 'Apolo', 'Pia', 'Sy', 'apolosy', '739b567861ff22482b59a03158ab31f2', '1987-11-05', '2020-03-13', NULL, 'Female', '+639213456789', 'Success', 'No', 'Cat I', '31', 'Sen. neptali', 'Barangka Drive', 'Mandaluyong City', NULL, NULL, NULL, NULL, 'SfWXfTTdST', '2020-06-10 17:06:31'),
(371, 200074, 'Adrian', 'Pia', 'Sy', 'adriansy', '97efa3112213da8bffac1a4c5734e04d', '1987-11-10', '2020-03-13', NULL, 'Female', '+639213456789', 'New', 'No', 'Cat II', '31', 'Sen. neptali', 'Daang Bakal', 'Mandaluyong City', NULL, NULL, NULL, NULL, 'SeSUzDSaRR', '2020-06-10 17:06:31'),
(372, 200075, 'Ezreal', 'Pia', 'Sy', 'ezrealsy', '3c2a417478331d921616715969372a3e', '1987-11-17', '2020-03-13', NULL, 'Male', '+639213456789', 'New', 'No', 'Cat I', '31', 'Sen. neptali', 'Barangka Drive', 'Mandaluyong City', NULL, NULL, NULL, NULL, 'TtSBcOGpAD', '2020-06-10 17:06:31'),
(373, 200076, 'Gragas', 'Pia', 'Sy', 'gragassy', 'aea12ba97118d7e03054ac0025afaf64', '1987-11-18', '2020-03-13', NULL, 'Female', '+639213456789', 'Success', 'Yes', 'Cat I', '31', 'Sen. neptali', 'Bagong Silang', 'Mandaluyong City', NULL, NULL, NULL, NULL, 'LeBAnACoJD', '2020-06-10 17:06:31'),
(374, 200077, 'Bard', 'Pia', 'Sy', 'bardsy', '6162c53335a8257f984b9220ba5959c3', '1987-11-12', '2020-03-13', NULL, 'Female', '+639213456789', 'Success', 'Yes', 'MDR', '31', 'Sen. neptali', 'Daang Bakal', 'Mandaluyong City', NULL, NULL, NULL, NULL, 'MjTDpAInQS', '2020-06-10 17:06:31'),
(375, 200078, 'Lance', 'Pia', 'Sy', 'lancesy', '85059e95ded4abe7a3c5c875e203d690', '1990-11-12', '2020-03-13', NULL, 'Male', '+639213456789', 'Discontinuation', 'No', 'Cat I', '31', 'Sen. neptali', 'Buayang Bato', 'Mandaluyong City', NULL, NULL, NULL, NULL, 'OtFZeEJbJJ', '2020-06-10 17:06:31'),
(376, 200079, 'Claude', 'Pia', 'Sy', 'claudesy', 'ae48f7aa0a8a8944311f8990f6c481a2', '1980-11-10', '2020-03-14', NULL, 'Male', '+639213456789', 'Success', 'No', 'Cat I', '31', 'Sen. neptali', 'Wack-Wack Green Hill East', 'Mandaluyong City', NULL, NULL, NULL, NULL, 'QhIAcDDpVT', '2020-06-10 17:06:31'),
(377, 200080, 'Luxin', 'Pia', 'Sy', 'luxinsy', '2ad314eeff6dbbd1fc35f73be7323482', '1971-11-02', '2020-03-15', NULL, 'Female', '+639213456789', 'New', 'No', 'Cat I', '31', 'Sen. neptali', 'Barangka Itaas', 'Mandaluyong City', NULL, NULL, NULL, NULL, 'SkZIaEBgAT', '2020-06-10 17:06:31'),
(378, 200081, 'Arthur', 'Pia', 'Sy', 'arthursy', '4dd18e28a5706ff7adcc9de2a2606aed', '1973-12-02', '2020-03-23', NULL, 'Male', '+639213456789', 'Success', 'Yes', 'MDR', '31', 'Sen. neptali', 'Barangka Itaas', 'Mandaluyong City', NULL, NULL, NULL, NULL, 'VzZSmLEnYF', '2020-06-10 17:06:31'),
(379, 200082, 'Nikko', 'Pia', 'Sy', 'nikkosy', '21614521ab35937a1d65d6b359df3195', '1998-12-04', '2020-03-23', NULL, 'Male', '+639213456789', 'Ongoing', 'No', 'Cat II', '31', 'Sen. neptali', 'Barangka Ilaya', 'Mandaluyong City', NULL, NULL, NULL, NULL, 'PcZUsSUeGO', '2020-06-10 17:06:31'),
(380, 200083, 'Nikka', 'Pia', 'Sy', 'nikkasy', 'cb8d734538baf896626717b0b2b5c5f7', '1987-10-10', '2020-03-26', NULL, 'Female', '+639213456789', 'Ongoing', 'No', 'Cat II', '9', 'Sen. neptali', 'Wack-Wack Green Hill East', 'Mandaluyong City', NULL, 'Thursday,Saturday', '2020-06-25', '2021-02-25', 'DdTXeVHqBH', '2020-06-10 17:06:31'),
(381, 200084, 'Yance', 'Pia', 'Sy', 'yancesy', '22f18fb682c06f9da4ea319a06e755b2', '1987-01-06', '2020-06-04', 15, 'Male', '+639213456789', 'New', 'Yes', 'MDR', '9', 'Coronado', 'Hulo', 'Mandaluyong City', NULL, NULL, NULL, NULL, 'LlZVcGUpKP', '2020-06-10 17:06:31'),
(382, 200085, 'Raynaldo', 'Pia', 'Sy', 'raynaldosy', '38678f1fba2baf2283d89f043c078fd0', '1987-10-01', '2020-06-04', NULL, 'Male', '+639213456789', 'New', 'No', 'Cat I', '9', 'Sen. neptali', 'Poblacion', 'Mandaluyong City', NULL, NULL, NULL, NULL, 'ThZYaKImXO', '2020-06-10 17:06:31'),
(383, 200086, 'Soraka', 'Pia', 'Sy', 'sorakasy', '611b7589e0362364521e34bbd06aa597', '1987-11-01', '2020-06-04', NULL, 'Female', '+639213456789', 'Discontinuation', 'No', 'Cat II', '92', 'Sen. neptali', 'Barangka Drive', 'Mandaluyong City', NULL, NULL, NULL, NULL, 'LcOCoERgPI', '2020-06-10 17:06:31'),
(384, 200087, 'Lancelot', 'Pia', 'Sy', 'lancelotsy', 'e6f714dd08887b2b7bde86f9bce2a7e2', '1998-10-09', '2020-04-19', NULL, 'Male', '+639213456789', 'New', 'No', 'Cat I', '9', 'Sen. neptali', 'Hagdang Bato Itaas', 'Mandaluyong City', NULL, NULL, NULL, NULL, 'LuFUaOZsSY', '2020-06-10 17:06:31'),
(385, 200088, 'Yas', 'Pia', 'Sy', 'yassy', 'acbdd5ec6dd683a4c4cb4e355fd5b460', '1991-11-04', '2020-04-20', NULL, 'Male', '+639213456789', 'Discontinuation', 'No', 'Cat I', '91', 'Sen. neptali', 'Poblacion', 'Mandaluyong City', NULL, NULL, NULL, NULL, 'LqGWzNPqIL', '2020-06-10 17:06:31'),
(386, 200089, 'Michelle', 'Pia', 'Sy', 'michellesy', '90cb37d599140c419dba2212339c91d8', '1999-06-01', '2020-04-20', NULL, 'Female', '+639213456789', 'Discontinuation', 'No', 'Cat II', '9', 'Sen. neptali', 'Barangka Ibaba', 'Mandaluyong City', NULL, NULL, NULL, NULL, 'DzWKxMAmLD', '2020-06-10 17:06:31'),
(387, 200090, 'Mich', 'Pia', 'Sy', 'michsy', '154ef8f67984e1f929df9e157b301f81', '1981-12-02', '2020-04-20', NULL, 'Female', '+639213456789', 'New', 'Yes', 'MDR', '9', 'Sen. neptali', 'Vergara', 'Mandaluyong City', NULL, NULL, NULL, NULL, 'IgPOzYKuAN', '2020-06-10 17:06:31'),
(388, 200091, 'Micheal', 'Pia', 'Sy', 'michealsy', 'dacd13854cdf5c0d25ff4dd323be5c2f', '1980-10-03', '2020-04-21', NULL, 'Male', '+639213456789', 'Success', 'No', 'Cat I', '3', 'Sen. neptali', 'Daang Bakal', 'Mandaluyong City', NULL, NULL, NULL, NULL, 'CnKQaDWfVU', '2020-06-10 17:06:31'),
(389, 200092, 'Mica', 'Pia', 'Sy', 'micasy', '4e7d34a8eb71858b00b69f987054f0e1', '1991-09-04', '2020-04-21', NULL, 'Female', '+639213456789', 'Discontinuation', 'No', 'Cat I', '10', 'Sen. neptali', 'Barangka Ibaba', 'Mandaluyong City', NULL, NULL, NULL, NULL, 'JpDPtBGoHC', '2020-06-10 17:06:31'),
(390, 200093, 'Mika', 'Pia', 'Sy', 'mikasy', 'c7b4e3511d4b9f4c1ff7b6c500b5cc91', '1990-12-05', '2020-04-23', NULL, 'Female', '+639213456789', 'Success', 'No', 'Cat II', '29', 'Sen. neptali', 'Vergara', 'Mandaluyong City', NULL, NULL, NULL, NULL, 'FrCGmTIbBT', '2020-06-10 17:06:31'),
(391, 200094, 'Cong', 'Pia', 'Sy', 'congsy', 'bbf8c42a4dec2f35eaa4025d234b0dd7', '1961-12-06', '2020-04-23', NULL, 'Male', '+639213456789', 'New', 'Yes', 'MDR', '41', 'Sen. neptali', 'Daang Bakal', 'Mandaluyong City', NULL, NULL, NULL, NULL, 'XpRKuYVxPX', '2020-06-10 17:06:31'),
(392, 200095, 'Viy', 'Pia', 'Sy', 'viysy', 'e5e230e582547f2399d19ad9380e4d67', '1962-12-07', '2020-04-26', NULL, 'Female', '+639213456789', 'Ongoing', 'No', 'Cat I', '24', 'Sen. neptali', 'Barangka Ilaya', 'Mandaluyong City', NULL, 'Friday,Sunday', '2020-06-12', '2020-08-12', 'QfVZyKDzUA', '2020-06-10 17:06:31'),
(393, 200096, 'Yow', 'Pia', 'Sy', 'yowsy', '68c243be6090ad12298c354ea2764e21', '1963-12-08', '2020-04-26', NULL, 'Male', '+639213456789', 'Success', 'No', 'Cat II', '24', 'Sen. neptali', 'Poblacion', 'Mandaluyong City', NULL, NULL, NULL, NULL, 'HlQTrRWiUA', '2020-06-10 17:06:31'),
(394, 200097, 'Mentos', 'Pia', 'Sy', 'mentossy', '60f460c78524b335cecd28fbd1de94f8', '1965-12-09', '2020-04-26', 17, 'Male', '09055383442', 'Ongoing', 'Yes', 'MDR', '16', 'Sen. neptali', 'Barangka Drive', 'Mandaluyong City', '', 'Monday,Tuesday,Wednesday,Thursday,Friday,Saturday,Sunday', '2020-06-12', '2021-06-12', 'VhSWaQCzFR', '2020-06-10 17:06:31'),
(395, 200098, 'Veronica', 'Pia', 'Sy', 'veronicasy', '616b674a5fc82177a2e3f01601536a7c', '1968-12-10', '2020-04-23', NULL, 'Female', '+639055383442', 'Ongoing', 'No', 'Cat II', '61', 'Sen. neptali', 'Daang Bakal', 'Mandaluyong City', '', 'Wednesday,Friday,Sunday', '2020-06-24', '2021-02-24', 'YpOCmNQyGH', '2020-06-10 17:06:31'),
(396, 200099, 'Vince', 'Pia', 'Sy', 'vincesy', '6e38c105283f2c7db887af3678b5dd06', '1987-12-11', '2020-04-26', NULL, 'Male', '+639213456789', 'Success', 'No', 'Cat I', '21', 'Sen. neptali', 'Barangka Ibaba', 'Mandaluyong City', NULL, NULL, NULL, NULL, 'NlRUgGZvLL', '2020-06-10 17:06:31'),
(397, 200100, 'Jammer', 'G', 'Devera', 'Jammer@gmail.com', '4d469d0cedf5540f3814041f70ab7117', '1998-08-28', '2020-06-23', NULL, 'Male', '09635922134', 'New', 'Yes', 'Cat I', '12', '23', 'Barangka Drive', 'Mandaluyong City', '', 'Tuesday,Thursday', '2020-06-23', '2020-08-23', 'FPXY5dbbBYRfJr9HgCtuen', '2020-06-23 16:58:53'),
(398, 200101, 'Charles', 'M', 'Gonzales', 'Charles@gmail.com', '64734b407605240afc56b2a8f94fd846', '1990-05-02', '2020-06-23', NULL, 'Male', '09232124223', 'Ongoing', 'Yes', 'Cat II', '121232', '32', 'Bagong Silang', 'Mandaluyong City', '', 'Tuesday,Thursday,Saturday', '2020-06-23', '2021-02-23', 'SA5ZezeBVjqsDJAB4Pr84q', '2020-06-23 17:10:27'),
(399, 200102, 'Jason', 'B', 'Ace', 'jasonace', '29450214b6bbdcbe20549cc77e465f84', '1993-08-11', '2020-06-23', NULL, 'Male', '09234354312', 'New', 'Yes', 'Cat I', '1231', '34', 'Daang Bakal', 'Mandaluyong City', '', 'Tuesday,Thursday', '2020-06-23', '2020-08-23', 'qcQrQAFPJXv2VDcmnnEHPm', '2020-06-23 17:16:19'),
(400, 200103, 'Ace', 'B', 'Alas', 'acealas', 'b2e1298dc2dd5b184857c58fae67161f', '1987-03-03', '2020-06-23', 5, 'Male', '09456098942', 'Ongoing', 'Yes', 'MDR', '19', '222', 'Daang Bakal', 'Mandaluyong City', '', 'Monday,Tuesday,Wednesday,Thursday,Friday,Saturday,Sunday', '2020-06-23', '2021-06-23', '5QunDrX3zG3em95XKZbxPz', '2020-06-23 17:20:38'),
(405, 200104, 'John', 'Morem', 'Doe', 'johndoe', '845fbb922344aa83d417c43ad65e04bf', '1995-05-22', '2020-07-06', NULL, 'Male', '09000000000', 'Success', 'Yes', 'Cat I', '#1', 'Daang Bakal', 'Harapin Ang Bukas', 'Mandaluyong City', 'undefined', NULL, NULL, NULL, 'ptpP2S9pJg6Qp8H3kBTk4t', '2020-07-06 14:59:39'),
(406, 200105, 'Morgan', 'G', 'Devera', 'Morgan', 'c006b5a2167f4920d87b2cdd16f8074d', '1984-02-16', '2020-07-06', NULL, 'Male', '09231345634', 'New', 'Yes', 'Cat I', '12', '32', 'Bagong Silang', 'Mandaluyong City', '', NULL, NULL, NULL, 'T5VwRGjdn4CeXj5X2TXG9H', '2020-07-06 15:11:42');

-- --------------------------------------------------------

--
-- Table structure for table `patient_intake`
--

CREATE TABLE `patient_intake` (
  `id` int(11) NOT NULL,
  `status` varchar(50) NOT NULL,
  `medicineid` int(11) NOT NULL,
  `reason` varchar(200) DEFAULT NULL,
  `date` date NOT NULL,
  `created_at` datetime NOT NULL DEFAULT CURRENT_TIMESTAMP ON UPDATE CURRENT_TIMESTAMP,
  `patient_id` int(11) NOT NULL,
  `is_active` enum('Y','N') NOT NULL DEFAULT 'Y'
) ENGINE=InnoDB DEFAULT CHARSET=utf8mb4;

--
-- Dumping data for table `patient_intake`
--

INSERT INTO `patient_intake` (`id`, `status`, `medicineid`, `reason`, `date`, `created_at`, `patient_id`, `is_active`) VALUES
(1, 'Done', 20, '', '2020-06-15', '2020-06-15 02:23:59', 387, 'Y'),
(2, 'Done', 21, '', '2020-06-15', '2020-06-15 02:24:00', 387, 'Y'),
(3, 'Done', 22, '', '2020-06-15', '2020-06-15 02:24:00', 387, 'Y'),
(4, 'Done', 23, '', '2020-06-15', '2020-06-15 02:24:01', 387, 'Y'),
(5, 'Done', 24, '', '2020-06-15', '2020-06-15 02:24:03', 387, 'Y'),
(6, 'Done', 20, '', '2020-06-16', '2020-06-15 02:26:00', 387, 'Y'),
(7, 'Done', 20, '', '2020-06-15', '2020-06-15 02:26:01', 394, 'Y'),
(8, 'Done', 21, '', '2020-06-16', '2020-06-15 02:26:01', 387, 'Y'),
(9, 'Done', 21, '', '2020-06-15', '2020-06-15 02:26:01', 394, 'Y'),
(10, 'Done', 22, '', '2020-06-16', '2020-06-15 02:26:02', 387, 'Y'),
(11, 'Done', 22, '', '2020-06-15', '2020-06-15 02:26:02', 394, 'Y'),
(12, 'Done', 23, '', '2020-06-16', '2020-06-15 02:26:02', 387, 'Y'),
(13, 'Done', 23, '', '2020-06-15', '2020-06-15 02:26:02', 394, 'Y'),
(14, 'Done', 24, '', '2020-06-15', '2020-06-15 02:26:03', 394, 'Y'),
(15, 'Done', 24, '', '2020-06-16', '2020-06-15 02:26:04', 387, 'Y'),
(16, 'Done', 20, '', '2020-06-13', '2020-06-15 02:26:13', 394, 'Y'),
(17, 'Done', 21, '', '2020-06-13', '2020-06-15 02:26:13', 394, 'Y'),
(18, 'Done', 22, '', '2020-06-13', '2020-06-15 02:26:14', 394, 'Y'),
(19, 'Done', 23, '', '2020-06-13', '2020-06-15 02:26:15', 394, 'Y'),
(20, 'Done', 24, '', '2020-06-13', '2020-06-15 02:26:15', 394, 'Y'),
(21, 'Done', 20, '', '2020-06-14', '2020-06-15 02:26:18', 394, 'Y'),
(22, 'Done', 21, '', '2020-06-14', '2020-06-15 02:26:19', 394, 'Y'),
(23, 'Done', 22, '', '2020-06-14', '2020-06-15 02:26:19', 394, 'Y'),
(24, 'Done', 23, '', '2020-06-14', '2020-06-15 02:26:20', 394, 'Y'),
(25, 'Done', 24, '', '2020-06-14', '2020-06-15 02:26:20', 394, 'Y'),
(26, 'Done', 20, '', '2020-06-17', '2020-06-15 02:26:22', 387, 'Y'),
(27, 'Done', 21, '', '2020-06-17', '2020-06-15 02:26:22', 387, 'Y'),
(28, 'Done', 22, '', '2020-06-17', '2020-06-15 02:26:23', 387, 'Y'),
(29, 'Done', 23, '', '2020-06-17', '2020-06-15 02:26:23', 387, 'Y'),
(30, 'Done', 24, '', '2020-06-17', '2020-06-15 02:26:24', 387, 'Y'),
(31, 'Done', 20, '', '2020-06-16', '2020-06-15 02:26:26', 394, 'Y'),
(32, 'Done', 21, '', '2020-06-16', '2020-06-15 02:26:26', 394, 'Y'),
(33, 'Done', 22, '', '2020-06-16', '2020-06-15 02:26:27', 394, 'Y'),
(34, 'Done', 23, '', '2020-06-16', '2020-06-15 02:26:27', 394, 'Y'),
(35, 'Done', 24, '', '2020-06-16', '2020-06-15 02:26:28', 394, 'Y'),
(36, 'Done', 20, '', '2020-06-18', '2020-06-15 02:26:39', 387, 'Y'),
(37, 'Done', 21, '', '2020-06-18', '2020-06-15 02:26:40', 387, 'Y'),
(38, 'Done', 22, '', '2020-06-18', '2020-06-15 02:26:41', 387, 'Y'),
(39, 'Done', 23, '', '2020-06-18', '2020-06-15 02:26:42', 387, 'Y'),
(40, 'Done', 24, '', '2020-06-18', '2020-06-15 02:26:42', 387, 'Y'),
(41, 'Declined', 20, 'Patient not in home', '2020-06-15', '2020-06-15 02:27:21', 392, 'Y'),
(42, 'Declined', 21, 'Patient not in home', '2020-06-15', '2020-06-15 02:27:25', 392, 'Y'),
(43, 'Declined', 22, 'Patient not in home', '2020-06-15', '2020-06-15 02:27:30', 392, 'Y'),
(44, 'Declined', 23, 'Patient not in home', '2020-06-15', '2020-06-15 02:27:34', 392, 'Y'),
(45, 'Declined', 24, 'Patient not in home', '2020-06-15', '2020-06-15 02:27:39', 392, 'Y'),
(46, 'Declined', 20, 'Patieny not in home.', '2020-06-19', '2020-06-15 02:29:49', 387, 'Y'),
(47, 'Declined', 21, 'Patieny not in home.', '2020-06-19', '2020-06-15 02:29:57', 387, 'Y'),
(48, 'Declined', 22, 'Patieny not in home.', '2020-06-19', '2020-06-15 02:30:04', 387, 'Y'),
(49, 'Done', 23, '', '2020-06-19', '2020-06-15 02:30:05', 387, 'Y'),
(50, 'Done', 24, '', '2020-06-19', '2020-06-15 02:30:06', 387, 'Y'),
(51, 'Done', 20, '', '2020-06-19', '2020-06-15 02:30:20', 387, 'Y'),
(52, 'Done', 21, '', '2020-06-19', '2020-06-15 02:30:22', 387, 'Y'),
(53, 'Done', 22, '', '2020-06-19', '2020-06-15 02:30:25', 387, 'Y'),
(54, 'Done', 20, '', '2020-06-20', '2020-06-15 02:35:41', 387, 'Y'),
(55, 'Done', 21, '', '2020-06-20', '2020-06-15 02:35:43', 387, 'Y'),
(56, 'Done', 22, '', '2020-06-20', '2020-06-15 02:35:43', 387, 'Y'),
(57, 'Declined', 23, 'patient not at home.', '2020-06-20', '2020-06-15 02:36:06', 387, 'Y'),
(58, 'Done', 24, '', '2020-06-20', '2020-06-15 02:36:09', 387, 'Y'),
(59, 'Done', 23, '', '2020-06-20', '2020-06-15 02:37:30', 387, 'Y'),
(60, 'Declined', 20, 'Patient not at home', '2020-06-21', '2020-06-15 02:42:14', 387, 'Y'),
(61, 'Done', 21, '', '2020-06-21', '2020-06-15 02:42:15', 387, 'Y'),
(62, 'Done', 22, '', '2020-06-21', '2020-06-15 02:42:17', 387, 'Y'),
(63, 'Done', 23, '', '2020-06-21', '2020-06-15 02:42:18', 387, 'Y'),
(64, 'Done', 24, '', '2020-06-21', '2020-06-15 02:42:19', 387, 'Y'),
(65, 'Done', 20, '', '2020-06-21', '2020-06-15 02:42:57', 387, 'Y'),
(66, 'Declined', 20, 'Patieny not at home.', '2020-06-22', '2020-06-15 02:44:19', 387, 'Y'),
(67, 'Done', 21, '', '2020-06-22', '2020-06-15 02:44:21', 387, 'Y'),
(68, 'Done', 22, '', '2020-06-22', '2020-06-15 02:44:21', 387, 'Y'),
(69, 'Done', 23, '', '2020-06-22', '2020-06-15 02:44:22', 387, 'Y'),
(70, 'Done', 24, '', '2020-06-22', '2020-06-15 02:44:22', 387, 'Y'),
(71, 'Done', 20, '', '2020-06-22', '2020-06-15 02:44:32', 387, 'Y'),
(72, 'Done', 20, '', '2020-06-17', '2020-06-15 09:59:31', 394, 'Y'),
(73, 'Done', 21, '', '2020-06-17', '2020-06-15 10:06:17', 394, 'Y'),
(74, 'Done', 22, '', '2020-06-17', '2020-06-15 10:07:30', 394, 'Y'),
(75, 'Done', 23, '', '2020-06-17', '2020-06-16 01:22:22', 394, 'Y'),
(76, 'Done', 24, '', '2020-06-17', '2020-06-16 13:49:08', 394, 'Y'),
(77, 'Done', 20, '', '2020-06-18', '2020-06-16 13:49:36', 394, 'Y'),
(78, 'Done', 21, '', '2020-06-18', '2020-06-16 13:49:36', 394, 'Y'),
(79, 'Done', 22, '', '2020-06-18', '2020-06-16 13:49:36', 394, 'Y'),
(80, 'Done', 23, '', '2020-06-18', '2020-06-16 13:49:37', 394, 'Y'),
(81, 'Done', 24, '', '2020-06-18', '2020-06-16 13:49:38', 394, 'Y'),
(82, 'Done', 20, '', '2020-06-16', '2020-06-16 19:58:06', 399, 'Y'),
(83, 'Done', 21, '', '2020-06-16', '2020-06-16 19:58:07', 399, 'Y'),
(84, 'Done', 22, '', '2020-06-16', '2020-06-16 19:58:08', 399, 'Y'),
(85, 'Done', 23, '', '2020-06-16', '2020-06-16 19:58:08', 399, 'Y'),
(86, 'Done', 24, '', '2020-06-16', '2020-06-16 19:58:09', 399, 'Y'),
(87, 'Declined', 20, 'Patient not at home.', '2020-06-18', '2020-06-16 19:59:05', 399, 'Y'),
(88, 'Done', 21, '', '2020-06-18', '2020-06-16 19:59:10', 399, 'Y'),
(89, 'Done', 22, '', '2020-06-18', '2020-06-16 19:59:10', 399, 'Y'),
(90, 'Done', 23, '', '2020-06-18', '2020-06-16 19:59:11', 399, 'Y'),
(91, 'Declined', 24, 'Patient not at home.', '2020-06-18', '2020-06-16 19:59:14', 399, 'Y'),
(92, 'Declined', 20, 'Patient not at home.', '2020-06-18', '2020-06-16 19:59:15', 399, 'Y'),
(93, 'Done', 20, '', '2020-06-18', '2020-06-16 19:59:26', 399, 'Y'),
(94, 'Done', 24, '', '2020-06-18', '2020-06-16 19:59:28', 399, 'Y'),
(95, 'Done', 20, '', '2020-06-19', '2020-06-19 17:16:53', 394, 'Y'),
(96, 'Done', 21, '', '2020-06-19', '2020-06-19 17:16:54', 394, 'Y'),
(97, 'Done', 22, '', '2020-06-19', '2020-06-19 17:16:54', 394, 'Y'),
(98, 'Done', 23, '', '2020-06-19', '2020-06-19 17:16:54', 394, 'Y'),
(99, 'Done', 24, '', '2020-06-19', '2020-06-19 17:16:55', 394, 'Y'),
(100, 'Declined', 20, 'pateint is not home', '2020-06-20', '2020-06-19 17:19:26', 394, 'Y'),
(101, 'Done', 20, '', '2020-06-20', '2020-06-19 17:19:46', 394, 'Y'),
(102, 'Done', 20, '', '2020-06-20', '2020-06-21 03:12:58', 371, 'Y'),
(103, 'Done', 21, 'Patient not home', '2020-06-20', '2020-06-21 03:13:22', 371, 'Y'),
(104, 'Done', 22, '', '2020-06-20', '2020-06-21 03:13:23', 371, 'Y'),
(105, 'Done', 23, '', '2020-06-20', '2020-06-21 03:13:24', 371, 'Y'),
(106, 'Done', 24, '', '2020-06-20', '2020-06-21 03:13:25', 371, 'Y'),
(107, 'Declined', 20, '', '2020-06-20', '2020-06-21 03:13:29', 381, 'Y'),
(108, 'Done', 20, '', '2020-06-20', '2020-06-21 03:13:41', 381, 'Y'),
(109, 'Done', 21, '', '2020-06-20', '2020-06-21 03:13:44', 381, 'Y'),
(110, 'Done', 22, '', '2020-06-20', '2020-06-21 03:13:45', 381, 'Y'),
(111, 'Done', 23, '', '2020-06-20', '2020-06-21 03:13:45', 381, 'Y'),
(112, 'Done', 24, '', '2020-06-20', '2020-06-21 03:13:46', 381, 'Y'),
(113, 'Done', 20, '', '2020-06-22', '2020-06-22 15:29:00', 371, 'Y'),
(114, 'Done', 21, '', '2020-06-22', '2020-06-22 15:29:01', 371, 'Y'),
(115, 'Done', 22, '', '2020-06-22', '2020-06-22 15:29:02', 371, 'Y'),
(116, 'Done', 23, '', '2020-06-22', '2020-06-22 15:29:02', 371, 'Y'),
(117, 'Declined', 24, 'patient not at home', '2020-06-22', '2020-06-22 15:29:14', 371, 'Y'),
(119, 'Declined', 20, 'Not home', '2020-06-24', '2020-06-24 20:31:39', 394, 'Y'),
(120, 'Declined', 21, 'Not home', '2020-06-24', '2020-06-24 20:31:42', 394, 'Y'),
(121, 'Declined', 20, 'Not home', '2020-06-24', '2020-06-24 20:31:48', 394, 'Y'),
(122, 'Declined', 22, 'Not home', '2020-06-24', '2020-06-24 20:31:56', 394, 'Y'),
(123, 'Declined', 23, 'Not home', '2020-06-24', '2020-06-24 20:33:01', 394, 'Y'),
(124, 'Declined', 24, 'Not home', '2020-06-24', '2020-06-24 20:33:05', 394, 'Y'),
(125, 'Done', 22, '', '2020-06-24', '2020-06-24 20:33:13', 394, 'Y'),
(126, 'Done', 21, '', '2020-06-24', '2020-06-24 20:33:14', 394, 'Y'),
(127, 'Done', 20, '', '2020-06-24', '2020-06-24 20:33:15', 394, 'Y'),
(128, 'Done', 24, '', '2020-06-24', '2020-06-24 20:33:16', 394, 'Y'),
(129, 'Done', 23, '', '2020-06-24', '2020-06-24 20:33:17', 394, 'Y'),
(130, 'Done', 20, '', '2020-06-25', '2020-06-25 13:33:13', 366, 'Y'),
(131, 'Done', 21, '', '2020-06-25', '2020-06-25 13:33:14', 366, 'Y'),
(132, 'Done', 22, '', '2020-06-25', '2020-06-25 13:33:15', 366, 'Y'),
(133, 'Done', 23, '', '2020-06-25', '2020-06-25 13:33:16', 366, 'Y'),
(134, 'Declined', 24, 'patient not at home', '2020-06-25', '2020-06-25 13:33:25', 366, 'Y'),
(135, 'Done', 24, '', '2020-06-25', '2020-06-25 13:33:35', 366, 'Y'),
(136, 'Declined', 20, 'patient not home', '2020-06-25', '2020-06-25 14:22:05', 380, 'Y'),
(137, 'Done', 20, '', '2020-06-25', '2020-06-25 14:22:29', 380, 'Y'),
(138, 'Done', 21, '', '2020-06-25', '2020-06-25 14:22:32', 380, 'Y'),
(139, 'Done', 22, '', '2020-06-25', '2020-06-25 14:22:32', 380, 'Y'),
(140, 'Done', 23, '', '2020-06-25', '2020-06-25 14:22:33', 380, 'Y'),
(141, 'Done', 24, '', '2020-06-25', '2020-06-25 14:22:33', 380, 'Y'),
(142, 'Declined', 20, 'patient not home', '2020-06-27', '2020-06-25 14:50:48', 380, 'Y'),
(143, 'Done', 20, '', '2020-06-27', '2020-06-25 14:51:04', 380, 'Y'),
(144, 'Done', 21, '', '2020-06-27', '2020-06-25 14:51:12', 380, 'Y'),
(145, 'Done', 22, '', '2020-06-27', '2020-06-25 14:51:13', 380, 'Y'),
(146, 'Done', 23, '', '2020-06-27', '2020-06-25 14:51:13', 380, 'Y'),
(147, 'Done', 24, '', '2020-06-27', '2020-06-25 14:51:14', 380, 'Y'),
(148, 'Declined', 20, 'patient not at home.', '2020-06-25', '2020-06-25 14:51:47', 400, 'Y'),
(149, 'Declined', 20, 'Patient home ', '2020-06-25', '2020-06-25 14:56:09', 394, 'Y'),
(150, 'Done', 20, '', '2020-06-25', '2020-06-25 14:56:49', 394, 'Y'),
(151, 'Done', 21, '', '2020-06-25', '2020-06-25 14:56:50', 394, 'Y'),
(152, 'Done', 22, '', '2020-06-25', '2020-06-25 14:56:51', 394, 'Y'),
(153, 'Done', 23, '', '2020-06-25', '2020-06-25 14:56:52', 394, 'Y'),
(154, 'Done', 24, '', '2020-06-25', '2020-06-25 14:56:52', 394, 'Y'),
(155, 'Declined', 21, 'Test', '2020-06-25', '2020-06-26 01:37:29', 400, 'Y'),
(156, 'Declined', 20, 'patient not at home', '2020-06-27', '2020-06-27 18:44:03', 400, 'Y'),
(157, 'Done', 21, '', '2020-06-27', '2020-06-27 19:01:34', 400, 'Y'),
(158, 'Done', 22, '', '2020-06-27', '2020-06-27 19:01:34', 400, 'Y'),
(159, 'Done', 23, '', '2020-06-27', '2020-06-27 19:01:34', 400, 'Y'),
(160, 'Done', 24, '', '2020-06-27', '2020-06-27 19:01:35', 400, 'Y'),
(161, 'Done', 20, NULL, '2020-06-11', '2020-06-28 23:41:54', 395, 'Y'),
(162, 'Done', 21, NULL, '2020-06-11', '2020-06-28 23:41:54', 395, 'Y'),
(163, 'Done', 22, NULL, '2020-06-11', '2020-06-28 23:41:54', 395, 'Y'),
(164, 'Done', 23, NULL, '2020-06-11', '2020-06-28 23:41:54', 395, 'Y'),
(165, 'Done', 24, NULL, '2020-06-11', '2020-06-28 23:41:54', 395, 'Y'),
(166, 'Done', 24, NULL, '2020-06-13', '2020-06-28 23:41:54', 395, 'Y'),
(167, 'Done', 23, NULL, '2020-06-13', '2020-06-28 23:41:54', 395, 'Y'),
(168, 'Done', 22, NULL, '2020-06-13', '2020-06-28 23:41:54', 395, 'Y'),
(169, 'Done', 21, NULL, '2020-06-13', '2020-06-28 23:41:54', 395, 'Y'),
(170, 'Done', 20, NULL, '2020-06-13', '2020-06-28 23:41:54', 395, 'Y'),
(171, 'Done', 24, NULL, '2020-06-15', '2020-06-28 23:41:54', 395, 'Y'),
(172, 'Done', 23, NULL, '2020-06-15', '2020-06-28 23:41:54', 395, 'Y'),
(173, 'Done', 22, NULL, '2020-06-15', '2020-06-28 23:41:54', 395, 'Y'),
(174, 'Done', 21, NULL, '2020-06-15', '2020-06-28 23:41:54', 395, 'Y'),
(175, 'Done', 20, NULL, '2020-06-15', '2020-06-28 23:41:54', 395, 'Y'),
(176, 'Done', 24, NULL, '2020-06-17', '2020-06-28 23:41:54', 395, 'Y'),
(177, 'Done', 23, NULL, '2020-06-17', '2020-06-28 23:41:54', 395, 'Y'),
(178, 'Done', 22, NULL, '2020-06-17', '2020-06-28 23:41:54', 395, 'Y'),
(179, 'Done', 21, NULL, '2020-06-17', '2020-06-28 23:41:54', 395, 'Y'),
(180, 'Done', 20, NULL, '2020-06-17', '2020-06-28 23:41:54', 395, 'Y'),
(181, 'Done', 24, NULL, '2020-06-19', '2020-06-28 23:41:54', 395, 'Y'),
(182, 'Done', 23, NULL, '2020-06-19', '2020-06-28 23:41:54', 395, 'Y'),
(183, 'Done', 22, NULL, '2020-06-19', '2020-06-28 23:41:54', 395, 'Y'),
(184, 'Done', 21, NULL, '2020-06-19', '2020-06-28 23:41:54', 395, 'Y'),
(185, 'Done', 20, NULL, '2020-06-19', '2020-06-28 23:41:54', 395, 'Y'),
(186, 'Done', 24, NULL, '2020-06-22', '2020-06-28 23:41:54', 395, 'Y'),
(187, 'Done', 23, NULL, '2020-06-22', '2020-06-28 23:41:54', 395, 'Y'),
(188, 'Done', 22, NULL, '2020-06-22', '2020-06-28 23:41:54', 395, 'Y'),
(189, 'Done', 21, NULL, '2020-06-22', '2020-06-28 23:41:54', 395, 'Y'),
(190, 'Done', 20, NULL, '2020-06-22', '2020-06-28 23:41:54', 395, 'Y'),
(191, 'Done', 24, NULL, '2020-06-24', '2020-06-28 23:41:54', 395, 'Y'),
(192, 'Done', 23, NULL, '2020-06-24', '2020-06-28 23:41:54', 395, 'Y'),
(193, 'Done', 22, NULL, '2020-06-24', '2020-06-28 23:41:54', 395, 'Y'),
(194, 'Done', 21, NULL, '2020-06-24', '2020-06-28 23:41:54', 395, 'Y'),
(195, 'Done', 20, NULL, '2020-06-24', '2020-06-28 23:41:54', 395, 'Y'),
(196, 'Done', 24, NULL, '2020-06-26', '2020-06-28 23:41:54', 395, 'Y'),
(197, 'Done', 23, NULL, '2020-06-26', '2020-06-28 23:41:54', 395, 'Y'),
(198, 'Done', 22, NULL, '2020-06-26', '2020-06-28 23:41:54', 395, 'Y'),
(199, 'Done', 21, NULL, '2020-06-26', '2020-06-28 23:41:54', 395, 'Y'),
(200, 'Done', 20, NULL, '2020-06-26', '2020-06-28 23:41:54', 395, 'Y'),
(201, 'Done', 24, NULL, '2020-06-29', '2020-06-28 23:41:54', 395, 'Y'),
(202, 'Done', 23, NULL, '2020-06-29', '2020-06-28 23:41:54', 395, 'Y'),
(203, 'Done', 22, NULL, '2020-06-29', '2020-06-28 23:41:54', 395, 'Y'),
(204, 'Done', 21, NULL, '2020-06-29', '2020-06-28 23:41:54', 395, 'Y'),
(205, 'Done', 20, NULL, '2020-06-29', '2020-06-28 23:41:54', 395, 'Y'),
(206, 'Done', 24, NULL, '2020-07-01', '2020-06-28 23:41:54', 395, 'Y'),
(207, 'Done', 23, NULL, '2020-07-01', '2020-06-28 23:41:54', 395, 'Y'),
(208, 'Done', 22, NULL, '2020-07-01', '2020-06-28 23:41:54', 395, 'Y'),
(209, 'Done', 21, NULL, '2020-07-01', '2020-06-28 23:41:54', 395, 'Y'),
(210, 'Done', 20, NULL, '2020-07-01', '2020-06-28 23:41:54', 395, 'Y'),
(211, 'Done', 24, NULL, '2020-07-03', '2020-06-28 23:41:54', 395, 'Y'),
(212, 'Done', 23, NULL, '2020-07-03', '2020-06-28 23:41:54', 395, 'Y'),
(213, 'Done', 22, NULL, '2020-07-03', '2020-06-28 23:41:54', 395, 'Y'),
(214, 'Done', 21, NULL, '2020-07-03', '2020-06-28 23:41:54', 395, 'Y'),
(215, 'Done', 20, NULL, '2020-07-03', '2020-06-28 23:41:54', 395, 'Y'),
(216, 'Done', 24, NULL, '2020-07-06', '2020-06-28 23:41:54', 395, 'Y'),
(217, 'Done', 23, NULL, '2020-07-06', '2020-06-28 23:41:54', 395, 'Y'),
(218, 'Done', 22, NULL, '2020-07-06', '2020-06-28 23:41:54', 395, 'Y'),
(219, 'Done', 21, NULL, '2020-07-06', '2020-06-28 23:41:54', 395, 'Y'),
(220, 'Done', 20, NULL, '2020-07-06', '2020-06-28 23:41:54', 395, 'Y'),
(221, 'Done', 24, NULL, '2020-07-08', '2020-06-28 23:41:54', 395, 'Y'),
(222, 'Done', 23, NULL, '2020-07-08', '2020-06-28 23:41:54', 395, 'Y'),
(223, 'Done', 22, NULL, '2020-07-08', '2020-06-28 23:41:54', 395, 'Y'),
(224, 'Done', 21, NULL, '2020-07-08', '2020-06-28 23:41:54', 395, 'Y'),
(225, 'Done', 20, NULL, '2020-07-08', '2020-06-28 23:41:54', 395, 'Y'),
(226, 'Done', 24, NULL, '2020-07-10', '2020-06-28 23:41:54', 395, 'Y'),
(227, 'Done', 23, NULL, '2020-07-10', '2020-06-28 23:41:54', 395, 'Y'),
(228, 'Done', 22, NULL, '2020-07-10', '2020-06-28 23:41:54', 395, 'Y'),
(229, 'Done', 21, NULL, '2020-07-10', '2020-06-28 23:41:54', 395, 'Y'),
(230, 'Done', 20, NULL, '2020-07-10', '2020-06-28 23:41:54', 395, 'Y'),
(231, 'Done', 24, NULL, '2020-07-13', '2020-06-28 23:41:54', 395, 'Y'),
(232, 'Done', 23, NULL, '2020-07-13', '2020-06-28 23:41:54', 395, 'Y'),
(233, 'Done', 22, NULL, '2020-07-13', '2020-06-28 23:41:54', 395, 'Y'),
(234, 'Done', 21, NULL, '2020-07-13', '2020-06-28 23:41:54', 395, 'Y'),
(235, 'Done', 20, NULL, '2020-07-13', '2020-06-28 23:41:54', 395, 'Y'),
(236, 'Done', 24, NULL, '2020-07-15', '2020-06-28 23:41:54', 395, 'Y'),
(237, 'Done', 23, NULL, '2020-07-15', '2020-06-28 23:41:54', 395, 'Y'),
(238, 'Done', 22, NULL, '2020-07-15', '2020-06-28 23:41:54', 395, 'Y'),
(239, 'Done', 21, NULL, '2020-07-15', '2020-06-28 23:41:54', 395, 'Y'),
(240, 'Done', 20, NULL, '2020-07-15', '2020-06-28 23:41:54', 395, 'Y'),
(241, 'Done', 24, NULL, '2020-07-17', '2020-06-28 23:41:54', 395, 'Y'),
(242, 'Done', 23, NULL, '2020-07-17', '2020-06-28 23:41:54', 395, 'Y'),
(243, 'Done', 22, NULL, '2020-07-17', '2020-06-28 23:41:54', 395, 'Y'),
(244, 'Done', 21, NULL, '2020-07-17', '2020-06-28 23:41:54', 395, 'Y'),
(245, 'Done', 20, NULL, '2020-07-17', '2020-06-28 23:41:54', 395, 'Y'),
(246, 'Done', 24, NULL, '2020-07-20', '2020-06-28 23:41:54', 395, 'Y'),
(247, 'Done', 23, NULL, '2020-07-20', '2020-06-28 23:41:54', 395, 'Y'),
(248, 'Done', 22, NULL, '2020-07-20', '2020-06-28 23:41:54', 395, 'Y'),
(249, 'Done', 21, NULL, '2020-07-20', '2020-06-28 23:41:54', 395, 'Y'),
(250, 'Done', 20, NULL, '2020-07-20', '2020-06-28 23:41:54', 395, 'Y'),
(251, 'Done', 24, NULL, '2020-07-22', '2020-06-28 23:41:54', 395, 'Y'),
(252, 'Done', 23, NULL, '2020-07-22', '2020-06-28 23:41:54', 395, 'Y'),
(253, 'Done', 22, NULL, '2020-07-22', '2020-06-28 23:41:54', 395, 'Y'),
(254, 'Done', 21, NULL, '2020-07-22', '2020-06-28 23:41:54', 395, 'Y'),
(255, 'Done', 20, NULL, '2020-07-22', '2020-06-28 23:41:54', 395, 'Y'),
(256, 'Done', 24, NULL, '2020-07-24', '2020-06-28 23:41:54', 395, 'Y'),
(257, 'Done', 23, NULL, '2020-07-24', '2020-06-28 23:41:54', 395, 'Y'),
(258, 'Done', 22, NULL, '2020-07-24', '2020-06-28 23:41:54', 395, 'Y'),
(259, 'Done', 21, NULL, '2020-07-24', '2020-06-28 23:41:54', 395, 'Y'),
(260, 'Done', 20, NULL, '2020-07-24', '2020-06-28 23:41:54', 395, 'Y'),
(261, 'Done', 24, NULL, '2020-07-27', '2020-06-28 23:41:54', 395, 'Y'),
(262, 'Done', 23, NULL, '2020-07-27', '2020-06-28 23:41:54', 395, 'Y'),
(263, 'Done', 22, NULL, '2020-07-27', '2020-06-28 23:41:54', 395, 'Y'),
(264, 'Done', 21, NULL, '2020-07-27', '2020-06-28 23:41:54', 395, 'Y'),
(265, 'Done', 20, NULL, '2020-07-27', '2020-06-28 23:41:54', 395, 'Y'),
(266, 'Done', 24, NULL, '2020-07-29', '2020-06-28 23:41:54', 395, 'Y'),
(267, 'Done', 23, NULL, '2020-07-29', '2020-06-28 23:41:54', 395, 'Y'),
(268, 'Done', 22, NULL, '2020-07-29', '2020-06-28 23:41:54', 395, 'Y'),
(269, 'Done', 21, NULL, '2020-07-29', '2020-06-28 23:41:54', 395, 'Y'),
(270, 'Done', 20, NULL, '2020-07-29', '2020-06-28 23:41:54', 395, 'Y'),
(271, 'Done', 24, NULL, '2020-07-31', '2020-06-28 23:41:54', 395, 'Y'),
(272, 'Done', 23, NULL, '2020-07-31', '2020-06-28 23:41:54', 395, 'Y'),
(273, 'Done', 22, NULL, '2020-07-31', '2020-06-28 23:41:54', 395, 'Y'),
(274, 'Done', 21, NULL, '2020-07-31', '2020-06-28 23:41:54', 395, 'Y'),
(275, 'Done', 20, NULL, '2020-07-31', '2020-06-28 23:41:54', 395, 'Y'),
(276, 'Done', 24, NULL, '2020-08-03', '2020-06-28 23:41:54', 395, 'Y'),
(277, 'Done', 23, NULL, '2020-08-03', '2020-06-28 23:41:54', 395, 'Y'),
(278, 'Done', 22, NULL, '2020-08-03', '2020-06-28 23:41:54', 395, 'Y'),
(279, 'Done', 21, NULL, '2020-08-03', '2020-06-28 23:41:54', 395, 'Y'),
(280, 'Done', 20, NULL, '2020-08-03', '2020-06-28 23:41:54', 395, 'Y'),
(281, 'Done', 24, NULL, '2020-08-05', '2020-06-28 23:41:54', 395, 'Y'),
(282, 'Done', 23, NULL, '2020-08-05', '2020-06-28 23:41:54', 395, 'Y'),
(283, 'Done', 22, NULL, '2020-08-05', '2020-06-28 23:41:54', 395, 'Y'),
(284, 'Done', 21, NULL, '2020-08-05', '2020-06-28 23:41:54', 395, 'Y'),
(285, 'Done', 20, NULL, '2020-08-05', '2020-06-28 23:41:54', 395, 'Y'),
(286, 'Done', 24, NULL, '2020-08-07', '2020-06-28 23:41:54', 395, 'Y'),
(287, 'Done', 23, NULL, '2020-08-07', '2020-06-28 23:41:54', 395, 'Y'),
(288, 'Done', 22, NULL, '2020-08-07', '2020-06-28 23:41:54', 395, 'Y'),
(289, 'Done', 21, NULL, '2020-08-07', '2020-06-28 23:41:54', 395, 'Y'),
(290, 'Done', 20, NULL, '2020-08-07', '2020-06-28 23:41:54', 395, 'Y'),
(291, 'Done', 24, NULL, '2020-08-10', '2020-06-28 23:41:54', 395, 'Y'),
(292, 'Done', 23, NULL, '2020-08-10', '2020-06-28 23:41:54', 395, 'Y'),
(293, 'Done', 22, NULL, '2020-08-10', '2020-06-28 23:41:54', 395, 'Y'),
(294, 'Done', 21, NULL, '2020-08-10', '2020-06-28 23:41:54', 395, 'Y'),
(295, 'Done', 20, NULL, '2020-08-10', '2020-06-28 23:41:54', 395, 'Y'),
(296, 'Done', 24, NULL, '2020-08-12', '2020-06-28 23:41:54', 395, 'Y'),
(297, 'Done', 23, NULL, '2020-08-12', '2020-06-28 23:41:54', 395, 'Y'),
(298, 'Done', 22, NULL, '2020-08-12', '2020-06-28 23:41:54', 395, 'Y'),
(299, 'Done', 21, NULL, '2020-08-12', '2020-06-28 23:41:54', 395, 'Y'),
(300, 'Done', 20, NULL, '2020-08-12', '2020-06-28 23:41:54', 395, 'Y'),
(301, 'Done', 24, NULL, '2020-08-14', '2020-06-28 23:41:54', 395, 'Y'),
(302, 'Done', 23, NULL, '2020-08-14', '2020-06-28 23:41:54', 395, 'Y'),
(303, 'Done', 22, NULL, '2020-08-14', '2020-06-28 23:41:54', 395, 'Y'),
(304, 'Done', 21, NULL, '2020-08-14', '2020-06-28 23:41:54', 395, 'Y'),
(305, 'Done', 20, NULL, '2020-08-14', '2020-06-28 23:41:54', 395, 'Y'),
(306, 'Done', 24, NULL, '2020-08-17', '2020-06-28 23:41:54', 395, 'Y'),
(307, 'Done', 23, NULL, '2020-08-17', '2020-06-28 23:41:54', 395, 'Y'),
(308, 'Done', 22, NULL, '2020-08-17', '2020-06-28 23:41:54', 395, 'Y'),
(309, 'Done', 21, NULL, '2020-08-17', '2020-06-28 23:41:54', 395, 'Y'),
(310, 'Done', 20, NULL, '2020-08-17', '2020-06-28 23:41:54', 395, 'Y'),
(311, 'Done', 24, NULL, '2020-08-19', '2020-06-28 23:41:54', 395, 'Y'),
(312, 'Done', 23, NULL, '2020-08-19', '2020-06-28 23:41:54', 395, 'Y'),
(313, 'Done', 22, NULL, '2020-08-19', '2020-06-28 23:41:54', 395, 'Y'),
(314, 'Done', 21, NULL, '2020-08-19', '2020-06-28 23:41:54', 395, 'Y'),
(315, 'Done', 20, NULL, '2020-08-19', '2020-06-28 23:41:54', 395, 'Y'),
(316, 'Done', 24, NULL, '2020-08-21', '2020-06-28 23:41:54', 395, 'Y'),
(317, 'Done', 23, NULL, '2020-08-21', '2020-06-28 23:41:54', 395, 'Y'),
(318, 'Done', 22, NULL, '2020-08-21', '2020-06-28 23:41:54', 395, 'Y'),
(319, 'Done', 21, NULL, '2020-08-21', '2020-06-28 23:41:54', 395, 'Y'),
(320, 'Done', 20, NULL, '2020-08-21', '2020-06-28 23:41:54', 395, 'Y'),
(321, 'Done', 24, NULL, '2020-08-24', '2020-06-28 23:41:54', 395, 'Y'),
(322, 'Done', 23, NULL, '2020-08-24', '2020-06-28 23:41:54', 395, 'Y'),
(323, 'Done', 22, NULL, '2020-08-24', '2020-06-28 23:41:54', 395, 'Y'),
(324, 'Done', 21, NULL, '2020-08-24', '2020-06-28 23:41:54', 395, 'Y'),
(325, 'Done', 20, NULL, '2020-08-24', '2020-06-28 23:41:54', 395, 'Y'),
(326, 'Done', 24, NULL, '2020-08-26', '2020-06-28 23:41:54', 395, 'Y'),
(327, 'Done', 23, NULL, '2020-08-26', '2020-06-28 23:41:54', 395, 'Y'),
(328, 'Done', 22, NULL, '2020-08-26', '2020-06-28 23:41:54', 395, 'Y'),
(329, 'Done', 21, NULL, '2020-08-26', '2020-06-28 23:41:54', 395, 'Y'),
(330, 'Done', 20, NULL, '2020-08-26', '2020-06-28 23:41:54', 395, 'Y'),
(331, 'Done', 24, NULL, '2020-08-28', '2020-06-28 23:41:54', 395, 'Y'),
(332, 'Done', 23, NULL, '2020-08-28', '2020-06-28 23:41:54', 395, 'Y'),
(333, 'Done', 22, NULL, '2020-08-28', '2020-06-28 23:41:54', 395, 'Y'),
(334, 'Done', 21, NULL, '2020-08-28', '2020-06-28 23:41:54', 395, 'Y'),
(335, 'Done', 20, NULL, '2020-08-28', '2020-06-28 23:41:54', 395, 'Y'),
(336, 'Done', 24, NULL, '2020-08-31', '2020-06-28 23:41:54', 395, 'Y'),
(337, 'Done', 23, NULL, '2020-08-31', '2020-06-28 23:41:54', 395, 'Y'),
(338, 'Done', 22, NULL, '2020-08-31', '2020-06-28 23:41:54', 395, 'Y'),
(339, 'Done', 21, NULL, '2020-08-31', '2020-06-28 23:41:54', 395, 'Y'),
(340, 'Done', 20, NULL, '2020-08-31', '2020-06-28 23:41:54', 395, 'Y'),
(341, 'Done', 24, NULL, '2020-09-02', '2020-06-28 23:41:54', 395, 'Y'),
(342, 'Done', 23, NULL, '2020-09-02', '2020-06-28 23:41:54', 395, 'Y'),
(343, 'Done', 22, NULL, '2020-09-02', '2020-06-28 23:41:54', 395, 'Y'),
(344, 'Done', 21, NULL, '2020-09-02', '2020-06-28 23:41:54', 395, 'Y'),
(345, 'Done', 20, NULL, '2020-09-02', '2020-06-28 23:41:54', 395, 'Y'),
(346, 'Done', 24, NULL, '2020-09-04', '2020-06-28 23:41:54', 395, 'Y'),
(347, 'Done', 23, NULL, '2020-09-04', '2020-06-28 23:41:54', 395, 'Y'),
(348, 'Done', 22, NULL, '2020-09-04', '2020-06-28 23:41:54', 395, 'Y'),
(349, 'Done', 21, NULL, '2020-09-04', '2020-06-28 23:41:54', 395, 'Y'),
(350, 'Done', 20, NULL, '2020-09-04', '2020-06-28 23:41:54', 395, 'Y'),
(351, 'Done', 24, NULL, '2020-09-07', '2020-06-28 23:41:54', 395, 'Y'),
(352, 'Done', 23, NULL, '2020-09-07', '2020-06-28 23:41:54', 395, 'Y'),
(353, 'Done', 22, NULL, '2020-09-07', '2020-06-28 23:41:54', 395, 'Y'),
(354, 'Done', 21, NULL, '2020-09-07', '2020-06-28 23:41:54', 395, 'Y'),
(355, 'Done', 20, NULL, '2020-09-07', '2020-06-28 23:41:54', 395, 'Y'),
(356, 'Done', 24, NULL, '2020-09-09', '2020-06-28 23:41:54', 395, 'Y'),
(357, 'Done', 23, NULL, '2020-09-09', '2020-06-28 23:41:54', 395, 'Y'),
(358, 'Done', 22, NULL, '2020-09-09', '2020-06-28 23:41:54', 395, 'Y'),
(359, 'Done', 21, NULL, '2020-09-09', '2020-06-28 23:41:54', 395, 'Y'),
(360, 'Done', 20, NULL, '2020-09-09', '2020-06-28 23:41:54', 395, 'Y'),
(361, 'Done', 24, NULL, '2020-09-11', '2020-06-28 23:41:54', 395, 'Y'),
(362, 'Done', 23, NULL, '2020-09-11', '2020-06-28 23:41:54', 395, 'Y'),
(363, 'Done', 22, NULL, '2020-09-11', '2020-06-28 23:41:54', 395, 'Y'),
(364, 'Done', 21, NULL, '2020-09-11', '2020-06-28 23:41:54', 395, 'Y'),
(365, 'Done', 20, NULL, '2020-09-11', '2020-06-28 23:41:54', 395, 'Y'),
(366, 'Done', 24, NULL, '2020-09-14', '2020-06-28 23:41:54', 395, 'Y'),
(367, 'Done', 23, NULL, '2020-09-14', '2020-06-28 23:41:54', 395, 'Y'),
(368, 'Done', 22, NULL, '2020-09-14', '2020-06-28 23:41:54', 395, 'Y'),
(369, 'Done', 21, NULL, '2020-09-14', '2020-06-28 23:41:54', 395, 'Y'),
(370, 'Done', 20, NULL, '2020-09-14', '2020-06-28 23:41:54', 395, 'Y'),
(371, 'Done', 24, NULL, '2020-09-16', '2020-06-28 23:41:54', 395, 'Y'),
(372, 'Done', 23, NULL, '2020-09-16', '2020-06-28 23:41:54', 395, 'Y'),
(373, 'Done', 22, NULL, '2020-09-16', '2020-06-28 23:41:54', 395, 'Y'),
(374, 'Done', 21, NULL, '2020-09-16', '2020-06-28 23:41:54', 395, 'Y'),
(375, 'Done', 20, NULL, '2020-09-16', '2020-06-28 23:41:54', 395, 'Y'),
(376, 'Done', 24, NULL, '2020-09-18', '2020-06-28 23:41:54', 395, 'Y'),
(377, 'Done', 23, NULL, '2020-09-18', '2020-06-28 23:41:54', 395, 'Y'),
(378, 'Done', 22, NULL, '2020-09-18', '2020-06-28 23:41:54', 395, 'Y'),
(379, 'Done', 21, NULL, '2020-09-18', '2020-06-28 23:41:54', 395, 'Y'),
(380, 'Done', 20, NULL, '2020-09-18', '2020-06-28 23:41:54', 395, 'Y'),
(381, 'Done', 24, NULL, '2020-09-21', '2020-06-28 23:41:54', 395, 'Y'),
(382, 'Done', 23, NULL, '2020-09-21', '2020-06-28 23:41:54', 395, 'Y'),
(383, 'Done', 22, NULL, '2020-09-21', '2020-06-28 23:41:54', 395, 'Y'),
(384, 'Done', 21, NULL, '2020-09-21', '2020-06-28 23:41:54', 395, 'Y'),
(385, 'Done', 20, NULL, '2020-09-21', '2020-06-28 23:41:54', 395, 'Y'),
(386, 'Done', 24, NULL, '2020-09-23', '2020-06-28 23:41:54', 395, 'Y'),
(387, 'Done', 23, NULL, '2020-09-23', '2020-06-28 23:41:54', 395, 'Y'),
(388, 'Done', 22, NULL, '2020-09-23', '2020-06-28 23:41:54', 395, 'Y'),
(389, 'Done', 21, NULL, '2020-09-23', '2020-06-28 23:41:54', 395, 'Y'),
(390, 'Done', 20, NULL, '2020-09-23', '2020-06-28 23:41:54', 395, 'Y'),
(391, 'Done', 24, NULL, '2020-09-25', '2020-06-28 23:41:54', 395, 'Y'),
(392, 'Done', 23, NULL, '2020-09-25', '2020-06-28 23:41:54', 395, 'Y'),
(393, 'Done', 22, NULL, '2020-09-25', '2020-06-28 23:41:54', 395, 'Y'),
(394, 'Done', 21, NULL, '2020-09-25', '2020-06-28 23:41:54', 395, 'Y'),
(395, 'Done', 20, NULL, '2020-09-25', '2020-06-28 23:41:54', 395, 'Y'),
(396, 'Done', 24, NULL, '2020-09-28', '2020-06-28 23:41:54', 395, 'Y'),
(397, 'Done', 23, NULL, '2020-09-28', '2020-06-28 23:41:54', 395, 'Y'),
(398, 'Done', 22, NULL, '2020-09-28', '2020-06-28 23:41:54', 395, 'Y'),
(399, 'Done', 21, NULL, '2020-09-28', '2020-06-28 23:41:54', 395, 'Y'),
(400, 'Done', 20, NULL, '2020-09-28', '2020-06-28 23:41:54', 395, 'Y'),
(401, 'Done', 24, NULL, '2020-09-30', '2020-06-28 23:41:54', 395, 'Y'),
(402, 'Done', 23, NULL, '2020-09-30', '2020-06-28 23:41:54', 395, 'Y'),
(403, 'Done', 22, NULL, '2020-09-30', '2020-06-28 23:41:54', 395, 'Y'),
(404, 'Done', 21, NULL, '2020-09-30', '2020-06-28 23:41:54', 395, 'Y'),
(405, 'Done', 20, NULL, '2020-09-30', '2020-06-28 23:41:54', 395, 'Y'),
(406, 'Done', 24, NULL, '2020-10-02', '2020-06-28 23:41:54', 395, 'Y'),
(407, 'Done', 23, NULL, '2020-10-02', '2020-06-28 23:41:54', 395, 'Y'),
(408, 'Done', 22, NULL, '2020-10-02', '2020-06-28 23:41:54', 395, 'Y'),
(409, 'Done', 21, NULL, '2020-10-02', '2020-06-28 23:41:54', 395, 'Y'),
(410, 'Done', 20, NULL, '2020-10-02', '2020-06-28 23:41:54', 395, 'Y'),
(411, 'Done', 24, NULL, '2020-10-05', '2020-06-28 23:41:54', 395, 'Y'),
(412, 'Done', 23, NULL, '2020-10-05', '2020-06-28 23:41:54', 395, 'Y'),
(413, 'Done', 22, NULL, '2020-10-05', '2020-06-28 23:41:54', 395, 'Y'),
(414, 'Done', 21, NULL, '2020-10-05', '2020-06-28 23:41:54', 395, 'Y'),
(415, 'Done', 20, NULL, '2020-10-05', '2020-06-28 23:41:54', 395, 'Y'),
(416, 'Done', 24, NULL, '2020-10-07', '2020-06-28 23:41:54', 395, 'Y'),
(417, 'Done', 23, NULL, '2020-10-07', '2020-06-28 23:41:54', 395, 'Y'),
(418, 'Done', 22, NULL, '2020-10-07', '2020-06-28 23:41:54', 395, 'Y'),
(419, 'Done', 21, NULL, '2020-10-07', '2020-06-28 23:41:54', 395, 'Y'),
(420, 'Done', 20, NULL, '2020-10-07', '2020-06-28 23:41:54', 395, 'Y'),
(421, 'Done', 24, NULL, '2020-10-09', '2020-06-28 23:41:54', 395, 'Y'),
(422, 'Done', 23, NULL, '2020-10-09', '2020-06-28 23:41:54', 395, 'Y'),
(423, 'Done', 22, NULL, '2020-10-09', '2020-06-28 23:41:54', 395, 'Y'),
(424, 'Done', 21, NULL, '2020-10-09', '2020-06-28 23:41:54', 395, 'Y'),
(425, 'Done', 20, NULL, '2020-10-09', '2020-06-28 23:41:54', 395, 'Y'),
(426, 'Done', 24, NULL, '2020-10-12', '2020-06-28 23:41:54', 395, 'Y'),
(427, 'Done', 23, NULL, '2020-10-12', '2020-06-28 23:41:54', 395, 'Y'),
(428, 'Done', 22, NULL, '2020-10-12', '2020-06-28 23:41:54', 395, 'Y'),
(429, 'Done', 21, NULL, '2020-10-12', '2020-06-28 23:41:54', 395, 'Y'),
(430, 'Done', 20, NULL, '2020-10-12', '2020-06-28 23:41:54', 395, 'Y'),
(431, 'Done', 24, NULL, '2020-10-14', '2020-06-28 23:41:54', 395, 'Y'),
(432, 'Done', 23, NULL, '2020-10-14', '2020-06-28 23:41:54', 395, 'Y'),
(433, 'Done', 22, NULL, '2020-10-14', '2020-06-28 23:41:54', 395, 'Y'),
(434, 'Done', 21, NULL, '2020-10-14', '2020-06-28 23:41:54', 395, 'Y'),
(435, 'Done', 20, NULL, '2020-10-14', '2020-06-28 23:41:54', 395, 'Y'),
(436, 'Done', 24, NULL, '2020-10-16', '2020-06-28 23:41:54', 395, 'Y'),
(437, 'Done', 23, NULL, '2020-10-16', '2020-06-28 23:41:54', 395, 'Y'),
(438, 'Done', 22, NULL, '2020-10-16', '2020-06-28 23:41:54', 395, 'Y'),
(439, 'Done', 21, NULL, '2020-10-16', '2020-06-28 23:41:54', 395, 'Y'),
(440, 'Done', 20, NULL, '2020-10-16', '2020-06-28 23:41:54', 395, 'Y'),
(441, 'Done', 24, NULL, '2020-10-19', '2020-06-28 23:41:54', 395, 'Y'),
(442, 'Done', 23, NULL, '2020-10-19', '2020-06-28 23:41:54', 395, 'Y'),
(443, 'Done', 22, NULL, '2020-10-19', '2020-06-28 23:41:54', 395, 'Y'),
(444, 'Done', 21, NULL, '2020-10-19', '2020-06-28 23:41:54', 395, 'Y'),
(445, 'Done', 20, NULL, '2020-10-19', '2020-06-28 23:41:54', 395, 'Y'),
(446, 'Declined', 24, NULL, '2020-10-21', '2020-06-28 23:41:54', 395, 'Y'),
(447, 'Declined', 23, NULL, '2020-10-21', '2020-06-28 23:41:54', 395, 'Y'),
(448, 'Declined', 22, NULL, '2020-10-21', '2020-06-28 23:41:54', 395, 'Y'),
(449, 'Declined', 21, NULL, '2020-10-21', '2020-06-28 23:41:54', 395, 'Y'),
(450, 'Declined', 20, NULL, '2020-10-21', '2020-06-28 23:41:54', 395, 'Y'),
(451, 'Declined', 24, NULL, '2020-10-23', '2020-06-28 23:41:54', 395, 'Y'),
(452, 'Declined', 23, NULL, '2020-10-23', '2020-06-28 23:41:54', 395, 'Y'),
(453, 'Declined', 22, NULL, '2020-10-23', '2020-06-28 23:41:54', 395, 'Y'),
(454, 'Declined', 21, NULL, '2020-10-23', '2020-06-28 23:41:54', 395, 'Y'),
(455, 'Declined', 20, NULL, '2020-10-23', '2020-06-28 23:41:54', 395, 'Y'),
(456, 'Done', 24, NULL, '2020-10-26', '2020-06-28 23:41:54', 395, 'Y'),
(457, 'Done', 23, NULL, '2020-10-26', '2020-06-28 23:41:54', 395, 'Y'),
(458, 'Done', 22, NULL, '2020-10-26', '2020-06-28 23:41:54', 395, 'Y'),
(459, 'Done', 21, NULL, '2020-10-26', '2020-06-28 23:41:54', 395, 'Y'),
(460, 'Done', 20, NULL, '2020-10-26', '2020-06-28 23:41:54', 395, 'Y'),
(461, 'Done', 24, NULL, '2020-10-28', '2020-06-28 23:41:54', 395, 'Y'),
(462, 'Done', 23, NULL, '2020-10-28', '2020-06-28 23:41:54', 395, 'Y'),
(463, 'Done', 22, NULL, '2020-10-28', '2020-06-28 23:41:54', 395, 'Y'),
(464, 'Done', 21, NULL, '2020-10-28', '2020-06-28 23:41:54', 395, 'Y'),
(465, 'Done', 20, NULL, '2020-10-28', '2020-06-28 23:41:54', 395, 'Y'),
(466, 'Done', 24, NULL, '2020-10-30', '2020-06-28 23:41:54', 395, 'Y'),
(467, 'Done', 23, NULL, '2020-10-30', '2020-06-28 23:41:54', 395, 'Y'),
(468, 'Done', 22, NULL, '2020-10-30', '2020-06-28 23:41:54', 395, 'Y'),
(469, 'Done', 21, NULL, '2020-10-30', '2020-06-28 23:41:54', 395, 'Y'),
(470, 'Done', 20, NULL, '2020-10-30', '2020-06-28 23:41:54', 395, 'Y'),
(471, 'Done', 24, NULL, '2020-11-02', '2020-06-28 23:41:54', 395, 'Y'),
(472, 'Done', 23, NULL, '2020-11-02', '2020-06-28 23:41:54', 395, 'Y'),
(473, 'Done', 22, NULL, '2020-11-02', '2020-06-28 23:41:54', 395, 'Y'),
(474, 'Done', 21, NULL, '2020-11-02', '2020-06-28 23:41:54', 395, 'Y'),
(475, 'Done', 20, NULL, '2020-11-02', '2020-06-28 23:41:54', 395, 'Y'),
(476, 'Done', 24, NULL, '2020-11-04', '2020-06-28 23:41:54', 395, 'Y'),
(477, 'Done', 23, NULL, '2020-11-04', '2020-06-28 23:41:54', 395, 'Y'),
(478, 'Done', 22, NULL, '2020-11-04', '2020-06-28 23:41:54', 395, 'Y'),
(479, 'Done', 21, NULL, '2020-11-04', '2020-06-28 23:41:54', 395, 'Y'),
(480, 'Done', 20, NULL, '2020-11-04', '2020-06-28 23:41:54', 395, 'Y'),
(481, 'Done', 24, NULL, '2020-11-06', '2020-06-28 23:41:54', 395, 'Y'),
(482, 'Done', 23, NULL, '2020-11-06', '2020-06-28 23:41:54', 395, 'Y'),
(483, 'Done', 22, NULL, '2020-11-06', '2020-06-28 23:41:54', 395, 'Y'),
(484, 'Done', 21, NULL, '2020-11-06', '2020-06-28 23:41:54', 395, 'Y'),
(485, 'Done', 20, NULL, '2020-11-06', '2020-06-28 23:41:54', 395, 'Y'),
(486, 'Done', 24, NULL, '2020-11-09', '2020-06-28 23:41:54', 395, 'Y'),
(487, 'Done', 23, NULL, '2020-11-09', '2020-06-28 23:41:54', 395, 'Y'),
(488, 'Done', 22, NULL, '2020-11-09', '2020-06-28 23:41:54', 395, 'Y'),
(489, 'Done', 21, NULL, '2020-11-09', '2020-06-28 23:41:54', 395, 'Y'),
(490, 'Done', 20, NULL, '2020-11-09', '2020-06-28 23:41:54', 395, 'Y'),
(491, 'Done', 24, NULL, '2020-11-11', '2020-06-28 23:41:54', 395, 'Y'),
(492, 'Done', 23, NULL, '2020-11-11', '2020-06-28 23:41:54', 395, 'Y'),
(493, 'Done', 22, NULL, '2020-11-11', '2020-06-28 23:41:54', 395, 'Y'),
(494, 'Done', 21, NULL, '2020-11-11', '2020-06-28 23:41:54', 395, 'Y'),
(495, 'Done', 20, NULL, '2020-11-11', '2020-06-28 23:41:54', 395, 'Y'),
(496, 'Done', 24, NULL, '2020-11-13', '2020-06-28 23:41:54', 395, 'Y'),
(497, 'Done', 23, NULL, '2020-11-13', '2020-06-28 23:41:54', 395, 'Y'),
(498, 'Done', 22, NULL, '2020-11-13', '2020-06-28 23:41:54', 395, 'Y'),
(499, 'Done', 21, NULL, '2020-11-13', '2020-06-28 23:41:54', 395, 'Y'),
(500, 'Done', 20, NULL, '2020-11-13', '2020-06-28 23:41:54', 395, 'Y'),
(501, 'Done', 24, NULL, '2020-11-16', '2020-06-28 23:41:54', 395, 'Y'),
(502, 'Done', 23, NULL, '2020-11-16', '2020-06-28 23:41:54', 395, 'Y'),
(503, 'Done', 22, NULL, '2020-11-16', '2020-06-28 23:41:54', 395, 'Y'),
(504, 'Done', 21, NULL, '2020-11-16', '2020-06-28 23:41:54', 395, 'Y'),
(505, 'Done', 20, NULL, '2020-11-16', '2020-06-28 23:41:54', 395, 'Y'),
(506, 'Done', 24, NULL, '2020-11-18', '2020-06-28 23:41:54', 395, 'Y'),
(507, 'Done', 23, NULL, '2020-11-18', '2020-06-28 23:41:54', 395, 'Y'),
(508, 'Done', 22, NULL, '2020-11-18', '2020-06-28 23:41:54', 395, 'Y'),
(509, 'Done', 21, NULL, '2020-11-18', '2020-06-28 23:41:54', 395, 'Y'),
(510, 'Done', 20, NULL, '2020-11-18', '2020-06-28 23:41:54', 395, 'Y'),
(511, 'Done', 24, NULL, '2020-11-20', '2020-06-28 23:41:54', 395, 'Y'),
(512, 'Done', 23, NULL, '2020-11-20', '2020-06-28 23:41:54', 395, 'Y'),
(513, 'Done', 22, NULL, '2020-11-20', '2020-06-28 23:41:54', 395, 'Y'),
(514, 'Done', 21, NULL, '2020-11-20', '2020-06-28 23:41:54', 395, 'Y'),
(515, 'Done', 20, NULL, '2020-11-20', '2020-06-28 23:41:54', 395, 'Y'),
(516, 'Done', 24, NULL, '2020-11-23', '2020-06-28 23:41:54', 395, 'Y'),
(517, 'Done', 23, NULL, '2020-11-23', '2020-06-28 23:41:54', 395, 'Y'),
(518, 'Done', 22, NULL, '2020-11-23', '2020-06-28 23:41:54', 395, 'Y'),
(519, 'Done', 21, NULL, '2020-11-23', '2020-06-28 23:41:54', 395, 'Y'),
(520, 'Done', 20, NULL, '2020-11-23', '2020-06-28 23:41:54', 395, 'Y'),
(521, 'Done', 24, NULL, '2020-11-25', '2020-06-28 23:41:54', 395, 'Y'),
(522, 'Done', 23, NULL, '2020-11-25', '2020-06-28 23:41:54', 395, 'Y'),
(523, 'Done', 22, NULL, '2020-11-25', '2020-06-28 23:41:54', 395, 'Y'),
(524, 'Done', 21, NULL, '2020-11-25', '2020-06-28 23:41:54', 395, 'Y'),
(525, 'Done', 20, NULL, '2020-11-25', '2020-06-28 23:41:54', 395, 'Y'),
(526, 'Done', 24, NULL, '2020-11-27', '2020-06-28 23:41:54', 395, 'Y'),
(527, 'Done', 23, NULL, '2020-11-27', '2020-06-28 23:41:54', 395, 'Y'),
(528, 'Done', 22, NULL, '2020-11-27', '2020-06-28 23:41:54', 395, 'Y'),
(529, 'Done', 21, NULL, '2020-11-27', '2020-06-28 23:41:54', 395, 'Y'),
(530, 'Done', 20, NULL, '2020-11-27', '2020-06-28 23:41:54', 395, 'Y'),
(531, 'Done', 24, NULL, '2020-11-30', '2020-06-28 23:41:54', 395, 'Y'),
(532, 'Done', 23, NULL, '2020-11-30', '2020-06-28 23:41:54', 395, 'Y'),
(533, 'Done', 22, NULL, '2020-11-30', '2020-06-28 23:41:54', 395, 'Y'),
(534, 'Done', 21, NULL, '2020-11-30', '2020-06-28 23:41:54', 395, 'Y'),
(535, 'Done', 20, NULL, '2020-11-30', '2020-06-28 23:41:54', 395, 'Y'),
(536, 'Done', 24, NULL, '2020-12-02', '2020-06-28 23:41:54', 395, 'Y'),
(537, 'Done', 23, NULL, '2020-12-02', '2020-06-28 23:41:54', 395, 'Y'),
(538, 'Done', 22, NULL, '2020-12-02', '2020-06-28 23:41:54', 395, 'Y'),
(539, 'Done', 21, NULL, '2020-12-02', '2020-06-28 23:41:54', 395, 'Y'),
(540, 'Done', 20, NULL, '2020-12-02', '2020-06-28 23:41:54', 395, 'Y'),
(541, 'Done', 24, NULL, '2020-12-04', '2020-06-28 23:41:54', 395, 'Y'),
(542, 'Done', 23, NULL, '2020-12-04', '2020-06-28 23:41:54', 395, 'Y'),
(543, 'Done', 22, NULL, '2020-12-04', '2020-06-28 23:41:54', 395, 'Y'),
(544, 'Done', 21, NULL, '2020-12-04', '2020-06-28 23:41:54', 395, 'Y'),
(545, 'Done', 20, NULL, '2020-12-04', '2020-06-28 23:41:54', 395, 'Y'),
(546, 'Done', 24, NULL, '2020-12-07', '2020-06-28 23:41:54', 395, 'Y'),
(547, 'Done', 23, NULL, '2020-12-07', '2020-06-28 23:41:54', 395, 'Y'),
(548, 'Done', 22, NULL, '2020-12-07', '2020-06-28 23:41:54', 395, 'Y'),
(549, 'Done', 21, NULL, '2020-12-07', '2020-06-28 23:41:54', 395, 'Y'),
(550, 'Done', 20, NULL, '2020-12-07', '2020-06-28 23:41:54', 395, 'Y'),
(551, 'Done', 24, NULL, '2020-12-09', '2020-06-28 23:41:54', 395, 'Y'),
(552, 'Done', 23, NULL, '2020-12-09', '2020-06-28 23:41:54', 395, 'Y'),
(553, 'Done', 22, NULL, '2020-12-09', '2020-06-28 23:41:54', 395, 'Y'),
(554, 'Done', 21, NULL, '2020-12-09', '2020-06-28 23:41:54', 395, 'Y'),
(555, 'Done', 20, NULL, '2020-12-09', '2020-06-28 23:41:54', 395, 'Y'),
(556, 'Done', 24, NULL, '2020-12-11', '2020-06-28 23:41:54', 395, 'Y'),
(557, 'Done', 23, NULL, '2020-12-11', '2020-06-28 23:41:54', 395, 'Y'),
(558, 'Done', 22, NULL, '2020-12-11', '2020-06-28 23:41:54', 395, 'Y'),
(559, 'Done', 21, NULL, '2020-12-11', '2020-06-28 23:41:54', 395, 'Y'),
(560, 'Done', 20, NULL, '2020-12-11', '2020-06-28 23:41:54', 395, 'Y'),
(561, 'Done', 24, NULL, '2020-12-14', '2020-06-28 23:41:54', 395, 'Y'),
(562, 'Done', 23, NULL, '2020-12-14', '2020-06-28 23:41:54', 395, 'Y'),
(563, 'Done', 22, NULL, '2020-12-14', '2020-06-28 23:41:54', 395, 'Y'),
(564, 'Done', 21, NULL, '2020-12-14', '2020-06-28 23:41:54', 395, 'Y'),
(565, 'Done', 20, NULL, '2020-12-14', '2020-06-28 23:41:54', 395, 'Y'),
(566, 'Done', 24, NULL, '2020-12-16', '2020-06-28 23:41:54', 395, 'Y'),
(567, 'Done', 23, NULL, '2020-12-16', '2020-06-28 23:41:54', 395, 'Y'),
(568, 'Done', 22, NULL, '2020-12-16', '2020-06-28 23:41:54', 395, 'Y'),
(569, 'Done', 21, NULL, '2020-12-16', '2020-06-28 23:41:54', 395, 'Y'),
(570, 'Done', 20, NULL, '2020-12-16', '2020-06-28 23:41:54', 395, 'Y'),
(571, 'Declined', 24, NULL, '2020-12-18', '2020-06-28 23:41:54', 395, 'Y'),
(572, 'Done', 23, NULL, '2020-12-18', '2020-06-28 23:41:54', 395, 'Y'),
(573, 'Done', 22, NULL, '2020-12-18', '2020-06-28 23:41:54', 395, 'Y'),
(574, 'Declined', 21, NULL, '2020-12-18', '2020-06-28 23:41:54', 395, 'Y'),
(575, 'Done', 20, NULL, '2020-12-18', '2020-06-28 23:41:54', 395, 'Y'),
(576, 'Done', 24, NULL, '2020-12-21', '2020-06-28 23:41:54', 395, 'Y'),
(577, 'Done', 23, NULL, '2020-12-21', '2020-06-28 23:41:54', 395, 'Y'),
(578, 'Declined', 22, NULL, '2020-12-21', '2020-06-28 23:41:54', 395, 'Y'),
(579, 'Done', 21, NULL, '2020-12-21', '2020-06-28 23:41:54', 395, 'Y'),
(580, 'Declined', 20, NULL, '2020-12-21', '2020-06-28 23:41:54', 395, 'Y'),
(581, 'Done', 24, NULL, '2020-12-23', '2020-06-28 23:41:54', 395, 'Y'),
(582, 'Done', 23, NULL, '2020-12-23', '2020-06-28 23:41:54', 395, 'Y'),
(583, 'Done', 22, NULL, '2020-12-23', '2020-06-28 23:41:54', 395, 'Y'),
(584, 'Done', 21, NULL, '2020-12-23', '2020-06-28 23:41:54', 395, 'Y'),
(585, 'Done', 20, NULL, '2020-12-23', '2020-06-28 23:41:54', 395, 'Y'),
(586, 'Done', 24, NULL, '2020-12-25', '2020-06-28 23:41:54', 395, 'Y'),
(587, 'Done', 23, NULL, '2020-12-25', '2020-06-28 23:41:54', 395, 'Y'),
(588, 'Done', 22, NULL, '2020-12-25', '2020-06-28 23:41:54', 395, 'Y'),
(589, 'Done', 21, NULL, '2020-12-25', '2020-06-28 23:41:54', 395, 'Y'),
(590, 'Done', 20, NULL, '2020-12-25', '2020-06-28 23:41:54', 395, 'Y'),
(591, 'Declined', 24, NULL, '2020-12-28', '2020-06-28 23:41:54', 395, 'Y'),
(592, 'Declined', 23, NULL, '2020-12-28', '2020-06-28 23:41:54', 395, 'Y'),
(593, 'Declined', 22, NULL, '2020-12-28', '2020-06-28 23:41:54', 395, 'Y'),
(594, 'Declined', 21, NULL, '2020-12-28', '2020-06-28 23:41:54', 395, 'Y'),
(595, 'Declined', 20, NULL, '2020-12-28', '2020-06-28 23:41:54', 395, 'Y'),
(596, 'Done', 24, NULL, '2020-12-30', '2020-06-28 23:41:54', 395, 'Y'),
(597, 'Done', 23, NULL, '2020-12-30', '2020-06-28 23:41:54', 395, 'Y'),
(598, 'Done', 22, NULL, '2020-12-30', '2020-06-28 23:41:54', 395, 'Y'),
(599, 'Done', 21, NULL, '2020-12-30', '2020-06-28 23:41:54', 395, 'Y'),
(600, 'Done', 20, NULL, '2020-12-30', '2020-06-28 23:41:54', 395, 'Y'),
(601, 'Done', 24, NULL, '2021-01-01', '2020-06-28 23:41:54', 395, 'Y'),
(602, 'Done', 23, NULL, '2021-01-01', '2020-06-28 23:41:54', 395, 'Y'),
(603, 'Done', 22, NULL, '2021-01-01', '2020-06-28 23:41:54', 395, 'Y'),
(604, 'Done', 21, NULL, '2021-01-01', '2020-06-28 23:41:54', 395, 'Y'),
(605, 'Done', 20, NULL, '2021-01-01', '2020-06-28 23:41:54', 395, 'Y'),
(606, 'Done', 24, NULL, '2021-01-04', '2020-06-28 23:41:54', 395, 'Y'),
(607, 'Done', 23, NULL, '2021-01-04', '2020-06-28 23:41:54', 395, 'Y'),
(608, 'Done', 22, NULL, '2021-01-04', '2020-06-28 23:41:54', 395, 'Y'),
(609, 'Done', 21, NULL, '2021-01-04', '2020-06-28 23:41:54', 395, 'Y'),
(610, 'Done', 20, NULL, '2021-01-04', '2020-06-28 23:41:54', 395, 'Y'),
(611, 'Done', 24, NULL, '2021-01-06', '2020-06-28 23:41:54', 395, 'Y'),
(612, 'Done', 23, NULL, '2021-01-06', '2020-06-28 23:41:54', 395, 'Y'),
(613, 'Done', 22, NULL, '2021-01-06', '2020-06-28 23:41:54', 395, 'Y'),
(614, 'Done', 21, NULL, '2021-01-06', '2020-06-28 23:41:54', 395, 'Y'),
(615, 'Done', 20, NULL, '2021-01-06', '2020-06-28 23:41:54', 395, 'Y'),
(616, 'Done', 24, NULL, '2021-01-08', '2020-06-28 23:41:54', 395, 'Y'),
(617, 'Done', 23, NULL, '2021-01-08', '2020-06-28 23:41:54', 395, 'Y'),
(618, 'Done', 22, NULL, '2021-01-08', '2020-06-28 23:41:54', 395, 'Y'),
(619, 'Done', 21, NULL, '2021-01-08', '2020-06-28 23:41:54', 395, 'Y'),
(620, 'Done', 20, NULL, '2021-01-08', '2020-06-28 23:41:54', 395, 'Y'),
(621, 'Done', 24, NULL, '2021-01-11', '2020-06-28 23:41:54', 395, 'Y'),
(622, 'Done', 23, NULL, '2021-01-11', '2020-06-28 23:41:54', 395, 'Y'),
(623, 'Done', 22, NULL, '2021-01-11', '2020-06-28 23:41:54', 395, 'Y'),
(624, 'Done', 21, NULL, '2021-01-11', '2020-06-28 23:41:54', 395, 'Y'),
(625, 'Done', 20, NULL, '2021-01-11', '2020-06-28 23:41:54', 395, 'Y'),
(626, 'Done', 24, NULL, '2021-01-13', '2020-06-28 23:41:54', 395, 'Y'),
(627, 'Done', 23, NULL, '2021-01-13', '2020-06-28 23:41:54', 395, 'Y'),
(628, 'Done', 22, NULL, '2021-01-13', '2020-06-28 23:41:54', 395, 'Y'),
(629, 'Done', 21, NULL, '2021-01-13', '2020-06-28 23:41:54', 395, 'Y'),
(630, 'Done', 20, NULL, '2021-01-13', '2020-06-28 23:41:54', 395, 'Y'),
(631, 'Done', 24, NULL, '2021-01-15', '2020-06-28 23:41:54', 395, 'Y'),
(632, 'Done', 23, NULL, '2021-01-15', '2020-06-28 23:41:54', 395, 'Y'),
(633, 'Done', 22, NULL, '2021-01-15', '2020-06-28 23:41:54', 395, 'Y'),
(634, 'Done', 21, NULL, '2021-01-15', '2020-06-28 23:41:54', 395, 'Y'),
(635, 'Done', 20, NULL, '2021-01-15', '2020-06-28 23:41:54', 395, 'Y'),
(636, 'Done', 24, NULL, '2021-01-18', '2020-06-28 23:41:54', 395, 'Y'),
(637, 'Done', 23, NULL, '2021-01-18', '2020-06-28 23:41:54', 395, 'Y'),
(638, 'Done', 22, NULL, '2021-01-18', '2020-06-28 23:41:54', 395, 'Y'),
(639, 'Done', 21, NULL, '2021-01-18', '2020-06-28 23:41:54', 395, 'Y'),
(640, 'Done', 20, NULL, '2021-01-18', '2020-06-28 23:41:54', 395, 'Y'),
(641, 'Done', 24, NULL, '2021-01-20', '2020-06-28 23:41:54', 395, 'Y'),
(642, 'Done', 23, NULL, '2021-01-20', '2020-06-28 23:41:54', 395, 'Y'),
(643, 'Done', 22, NULL, '2021-01-20', '2020-06-28 23:41:54', 395, 'Y'),
(644, 'Done', 21, NULL, '2021-01-20', '2020-06-28 23:41:54', 395, 'Y'),
(645, 'Done', 20, NULL, '2021-01-20', '2020-06-28 23:41:54', 395, 'Y'),
(646, 'Done', 24, NULL, '2021-01-22', '2020-06-28 23:41:54', 395, 'Y'),
(647, 'Done', 23, NULL, '2021-01-22', '2020-06-28 23:41:54', 395, 'Y'),
(648, 'Done', 22, NULL, '2021-01-22', '2020-06-28 23:41:54', 395, 'Y'),
(649, 'Done', 21, NULL, '2021-01-22', '2020-06-28 23:41:54', 395, 'Y'),
(650, 'Done', 20, NULL, '2021-01-22', '2020-06-28 23:41:54', 395, 'Y'),
(651, 'Done', 24, NULL, '2021-01-25', '2020-06-28 23:41:54', 395, 'Y'),
(652, 'Done', 23, NULL, '2021-01-25', '2020-06-28 23:41:54', 395, 'Y'),
(653, 'Done', 22, NULL, '2021-01-25', '2020-06-28 23:41:54', 395, 'Y'),
(654, 'Done', 21, NULL, '2021-01-25', '2020-06-28 23:41:54', 395, 'Y'),
(655, 'Done', 20, NULL, '2021-01-25', '2020-06-28 23:41:54', 395, 'Y'),
(656, 'Done', 24, NULL, '2021-01-27', '2020-06-28 23:41:54', 395, 'Y'),
(657, 'Done', 23, NULL, '2021-01-27', '2020-06-28 23:41:54', 395, 'Y'),
(658, 'Done', 22, NULL, '2021-01-27', '2020-06-28 23:41:54', 395, 'Y'),
(659, 'Done', 21, NULL, '2021-01-27', '2020-06-28 23:41:54', 395, 'Y'),
(660, 'Done', 20, NULL, '2021-01-27', '2020-06-28 23:41:54', 395, 'Y'),
(661, 'Done', 24, NULL, '2021-01-29', '2020-06-28 23:41:54', 395, 'Y'),
(662, 'Done', 23, NULL, '2021-01-29', '2020-06-28 23:41:54', 395, 'Y'),
(663, 'Done', 22, NULL, '2021-01-29', '2020-06-28 23:41:54', 395, 'Y'),
(664, 'Done', 21, NULL, '2021-01-29', '2020-06-28 23:41:54', 395, 'Y'),
(665, 'Done', 20, NULL, '2021-01-29', '2020-06-28 23:41:54', 395, 'Y'),
(666, 'Done', 24, NULL, '2021-02-01', '2020-06-28 23:41:54', 395, 'Y'),
(667, 'Done', 23, NULL, '2021-02-01', '2020-06-28 23:41:54', 395, 'Y'),
(668, 'Done', 22, NULL, '2021-02-01', '2020-06-28 23:41:54', 395, 'Y'),
(669, 'Done', 21, NULL, '2021-02-01', '2020-06-28 23:41:54', 395, 'Y'),
(670, 'Done', 20, NULL, '2021-02-01', '2020-06-28 23:41:54', 395, 'Y'),
(671, 'Done', 24, NULL, '2021-02-03', '2020-06-28 23:41:54', 395, 'Y'),
(672, 'Done', 23, NULL, '2021-02-03', '2020-06-28 23:41:54', 395, 'Y'),
(673, 'Done', 22, NULL, '2021-02-03', '2020-06-28 23:41:54', 395, 'Y'),
(674, 'Done', 21, NULL, '2021-02-03', '2020-06-28 23:41:54', 395, 'Y'),
(675, 'Done', 20, NULL, '2021-02-03', '2020-06-28 23:41:54', 395, 'Y'),
(676, 'Done', 24, NULL, '2021-02-05', '2020-06-28 23:41:54', 395, 'Y'),
(677, 'Done', 23, NULL, '2021-02-05', '2020-06-28 23:41:54', 395, 'Y'),
(678, 'Done', 22, NULL, '2021-02-05', '2020-06-28 23:41:54', 395, 'Y'),
(679, 'Done', 21, NULL, '2021-02-05', '2020-06-28 23:41:54', 395, 'Y'),
(680, 'Done', 20, NULL, '2021-02-05', '2020-06-28 23:41:54', 395, 'Y'),
(681, 'Done', 24, NULL, '2021-02-08', '2020-06-28 23:41:54', 395, 'Y'),
(682, 'Done', 23, NULL, '2021-02-08', '2020-06-28 23:41:54', 395, 'Y'),
(683, 'Done', 22, NULL, '2021-02-08', '2020-06-28 23:41:54', 395, 'Y'),
(684, 'Done', 21, NULL, '2021-02-08', '2020-06-28 23:41:54', 395, 'Y'),
(685, 'Done', 20, NULL, '2021-02-08', '2020-06-28 23:41:54', 395, 'Y'),
(686, 'Done', 24, NULL, '2021-02-10', '2020-06-28 23:41:54', 395, 'Y'),
(687, 'Done', 23, NULL, '2021-02-10', '2020-06-28 23:41:54', 395, 'Y'),
(688, 'Done', 22, NULL, '2021-02-10', '2020-06-28 23:41:54', 395, 'Y'),
(689, 'Done', 21, NULL, '2021-02-10', '2020-06-28 23:41:54', 395, 'Y'),
(690, 'Done', 20, NULL, '2021-02-10', '2020-06-28 23:41:54', 395, 'Y'),
(691, 'Declined', 20, '', '2020-06-28', '2020-06-29 00:13:37', 395, 'Y'),
(692, 'Done', 24, '', '2020-06-28', '2020-06-29 00:31:19', 394, 'Y'),
(693, 'Done', 23, '', '2020-06-28', '2020-06-29 00:31:20', 394, 'Y'),
(694, 'Done', 22, '', '2020-06-28', '2020-06-29 00:31:20', 394, 'Y'),
(695, 'Done', 21, '', '2020-06-28', '2020-06-29 00:31:21', 394, 'Y'),
(696, 'Done', 20, '', '2020-06-28', '2020-06-29 00:31:21', 394, 'Y'),
(697, 'Done', 24, '', '2020-06-27', '2020-06-29 00:31:27', 394, 'Y'),
(698, 'Done', 23, '', '2020-06-27', '2020-06-29 00:31:27', 394, 'Y'),
(699, 'Done', 22, '', '2020-06-27', '2020-06-29 00:31:28', 394, 'Y'),
(700, 'Done', 21, '', '2020-06-27', '2020-06-29 00:31:28', 394, 'Y'),
(701, 'Done', 20, '', '2020-06-27', '2020-06-29 00:31:29', 394, 'Y'),
(702, 'Done', 24, '', '2020-06-26', '2020-06-29 00:31:30', 394, 'Y'),
(703, 'Done', 23, '', '2020-06-26', '2020-06-29 00:31:31', 394, 'Y'),
(704, 'Done', 22, '', '2020-06-26', '2020-06-29 00:31:31', 394, 'Y'),
(705, 'Done', 21, '', '2020-06-26', '2020-06-29 00:31:31', 394, 'Y'),
(706, 'Done', 20, '', '2020-06-26', '2020-06-29 00:31:32', 394, 'Y'),
(707, 'Done', 24, '', '2020-06-21', '2020-06-29 00:31:35', 394, 'Y'),
(708, 'Done', 23, '', '2020-06-21', '2020-06-29 00:31:36', 394, 'Y'),
(709, 'Done', 22, '', '2020-06-21', '2020-06-29 00:31:36', 394, 'Y'),
(710, 'Done', 21, '', '2020-06-21', '2020-06-29 00:31:37', 394, 'Y');
INSERT INTO `patient_intake` (`id`, `status`, `medicineid`, `reason`, `date`, `created_at`, `patient_id`, `is_active`) VALUES
(711, 'Done', 20, '', '2020-06-21', '2020-06-29 00:31:37', 394, 'Y'),
(712, 'Done', 24, '', '2020-06-22', '2020-06-29 00:31:39', 394, 'Y'),
(713, 'Done', 23, '', '2020-06-22', '2020-06-29 00:31:40', 394, 'Y'),
(714, 'Done', 22, '', '2020-06-22', '2020-06-29 00:31:40', 394, 'Y'),
(715, 'Done', 21, '', '2020-06-22', '2020-06-29 00:31:41', 394, 'Y'),
(716, 'Done', 20, '', '2020-06-22', '2020-06-29 00:31:41', 394, 'Y'),
(717, 'Done', 24, '', '2020-06-23', '2020-06-29 00:31:44', 394, 'Y'),
(718, 'Done', 23, '', '2020-06-23', '2020-06-29 00:31:44', 394, 'Y'),
(719, 'Done', 22, '', '2020-06-23', '2020-06-29 00:31:45', 394, 'Y'),
(720, 'Done', 21, '', '2020-06-23', '2020-06-29 00:31:45', 394, 'Y'),
(721, 'Done', 20, '', '2020-06-23', '2020-06-29 00:31:45', 394, 'Y'),
(722, 'Done', 20, '', '2020-06-12', '2020-06-29 00:31:51', 394, 'Y'),
(723, 'Done', 21, '', '2020-06-12', '2020-06-29 00:31:51', 394, 'Y'),
(724, 'Done', 22, '', '2020-06-12', '2020-06-29 00:31:52', 394, 'Y'),
(725, 'Done', 23, '', '2020-06-12', '2020-06-29 00:31:53', 394, 'Y'),
(726, 'Done', 24, '', '2020-06-12', '2020-06-29 00:31:53', 394, 'Y'),
(727, 'Done', 21, '', '2020-06-20', '2020-06-29 00:32:01', 394, 'Y'),
(728, 'Done', 22, '', '2020-06-20', '2020-06-29 00:32:02', 394, 'Y'),
(729, 'Done', 23, '', '2020-06-20', '2020-06-29 00:32:02', 394, 'Y'),
(730, 'Done', 24, '', '2020-06-20', '2020-06-29 00:32:03', 394, 'Y'),
(731, 'Done', 20, '', '2020-06-29', '2020-06-30 15:38:44', 394, 'Y'),
(732, 'Done', 21, '', '2020-06-29', '2020-06-30 15:38:44', 394, 'Y'),
(733, 'Done', 22, '', '2020-06-29', '2020-06-30 15:38:45', 394, 'Y'),
(734, 'Done', 23, '', '2020-06-29', '2020-06-30 15:38:45', 394, 'Y'),
(735, 'Done', 24, '', '2020-06-29', '2020-06-30 15:38:46', 394, 'Y'),
(736, 'Done', 24, '', '2020-06-30', '2020-06-30 15:38:49', 394, 'Y'),
(737, 'Done', 23, '', '2020-06-30', '2020-06-30 15:38:49', 394, 'Y'),
(738, 'Done', 22, '', '2020-06-30', '2020-06-30 15:38:49', 394, 'Y'),
(739, 'Done', 21, '', '2020-06-30', '2020-06-30 15:38:50', 394, 'Y'),
(740, 'Done', 20, '', '2020-06-30', '2020-06-30 15:38:50', 394, 'Y'),
(741, 'Declined', 20, 'test', '2020-07-01', '2020-06-30 16:54:26', 394, 'Y'),
(742, 'Done', 20, '', '2020-07-01', '2020-07-01 17:30:50', 400, 'Y'),
(743, 'Done', 21, '', '2020-07-01', '2020-07-01 17:30:51', 400, 'Y'),
(744, 'Done', 22, '', '2020-07-01', '2020-07-01 17:30:51', 400, 'Y'),
(745, 'Declined', 23, 'patient not at home', '2020-07-01', '2020-07-01 17:30:59', 400, 'Y'),
(746, 'Done', 24, '', '2020-07-01', '2020-07-01 17:31:02', 400, 'Y'),
(747, 'Done', 23, '', '2020-07-01', '2020-07-01 17:31:34', 400, 'Y'),
(748, 'Done', 20, '', '2020-07-01', '2020-07-03 16:29:47', 394, 'Y'),
(749, 'Done', 21, '', '2020-07-01', '2020-07-03 16:29:48', 394, 'Y'),
(750, 'Done', 22, '', '2020-07-01', '2020-07-03 16:29:49', 394, 'Y'),
(751, 'Done', 23, '', '2020-07-01', '2020-07-03 16:29:50', 394, 'Y'),
(752, 'Done', 24, '', '2020-07-01', '2020-07-03 16:29:50', 394, 'Y'),
(753, 'Done', 20, '', '2020-07-02', '2020-07-03 16:29:52', 394, 'Y'),
(754, 'Done', 22, '', '2020-07-02', '2020-07-03 16:29:53', 394, 'Y'),
(755, 'Done', 21, '', '2020-07-02', '2020-07-03 16:29:53', 394, 'Y'),
(756, 'Done', 23, '', '2020-07-02', '2020-07-03 16:29:54', 394, 'Y'),
(757, 'Done', 24, '', '2020-07-02', '2020-07-03 16:29:54', 394, 'Y'),
(758, 'Done', 20, '', '2020-07-04', '2020-07-03 16:29:56', 394, 'Y'),
(759, 'Done', 21, '', '2020-07-04', '2020-07-03 16:29:57', 394, 'Y'),
(760, 'Done', 22, '', '2020-07-04', '2020-07-03 16:29:57', 394, 'Y'),
(761, 'Done', 23, '', '2020-07-04', '2020-07-03 16:29:57', 394, 'Y'),
(762, 'Done', 24, '', '2020-07-04', '2020-07-03 16:29:58', 394, 'Y'),
(763, 'Done', 20, '', '2020-07-03', '2020-07-03 16:30:05', 394, 'Y'),
(764, 'Done', 22, '', '2020-07-03', '2020-07-03 16:30:06', 394, 'Y'),
(765, 'Done', 21, '', '2020-07-03', '2020-07-03 16:30:06', 394, 'Y'),
(766, 'Done', 23, '', '2020-07-03', '2020-07-03 16:30:06', 394, 'Y'),
(767, 'Done', 24, '', '2020-07-03', '2020-07-03 16:30:07', 394, 'Y'),
(768, 'Declined', 20, 'patient not at home', '2020-07-04', '2020-07-04 16:58:24', 400, 'Y'),
(769, 'Done', 21, '', '2020-07-04', '2020-07-04 16:58:27', 400, 'Y'),
(770, 'Done', 22, '', '2020-07-04', '2020-07-04 16:58:27', 400, 'Y'),
(771, 'Done', 23, '', '2020-07-04', '2020-07-04 16:58:27', 400, 'Y'),
(772, 'Done', 24, '', '2020-07-04', '2020-07-04 16:58:28', 400, 'Y'),
(773, 'Declined', 20, 'patient not at home', '2020-07-05', '2020-07-06 07:21:38', 400, 'Y'),
(774, 'Done', 21, '', '2020-07-05', '2020-07-06 07:21:40', 400, 'Y'),
(775, 'Done', 22, '', '2020-07-05', '2020-07-06 07:21:41', 400, 'Y'),
(776, 'Done', 23, '', '2020-07-05', '2020-07-06 07:21:42', 400, 'Y'),
(777, 'Done', 24, '', '2020-07-05', '2020-07-06 07:21:43', 400, 'Y');

-- --------------------------------------------------------

--
-- Table structure for table `patient_logs`
--

CREATE TABLE `patient_logs` (
  `id` int(11) NOT NULL,
  `uid` int(11) NOT NULL,
  `status` varchar(50) NOT NULL,
  `reason` text,
  `updated_by` varchar(50) NOT NULL,
  `created_at` datetime NOT NULL DEFAULT CURRENT_TIMESTAMP ON UPDATE CURRENT_TIMESTAMP
) ENGINE=InnoDB DEFAULT CHARSET=utf8mb4;

--
-- Dumping data for table `patient_logs`
--

INSERT INTO `patient_logs` (`id`, `uid`, `status`, `reason`, `updated_by`, `created_at`) VALUES
(1, 298, 'New', '', 'Admin', '2020-02-01 00:00:00'),
(2, 298, 'Ongoing', '', 'Admin', '2020-02-02 00:00:00'),
(3, 298, 'Discontinuation', 'Patient is in ICU', 'Admin', '2020-02-07 00:00:00'),
(4, 299, 'New', '', 'Admin', '2020-06-11 00:00:00'),
(5, 299, 'Ongoing', '', 'Admin', '2020-06-11 00:00:00'),
(6, 301, 'New', '', 'Admin', '2020-06-11 00:00:00'),
(7, 302, 'New', '', 'Admin', '2020-01-17 00:00:00'),
(8, 303, 'New', '', 'Admin', '2020-01-01 00:00:00'),
(9, 303, 'Ongoing', '', 'Admin', '2020-01-10 00:00:00'),
(10, 303, 'Success', '', 'Admin', '2020-01-18 00:00:00'),
(11, 304, 'New', '', 'Admin', '2020-01-01 00:00:00'),
(12, 304, 'Ongoing', '', 'Admin', '2020-01-10 00:00:00'),
(13, 304, 'Success', '', 'Admin', '2020-01-18 00:00:00'),
(14, 305, 'New', '', 'Admin', '2020-01-01 00:00:00'),
(15, 305, 'Ongoing', '', 'Admin', '2020-01-11 00:00:00'),
(16, 305, 'Success', '', 'Admin', '2020-01-18 00:00:00'),
(17, 306, 'New', '', 'Admin', '2020-01-01 00:00:00'),
(18, 306, 'Ongoing', '', 'Admin', '2020-01-18 00:00:00'),
(19, 306, 'Discontinuation', '', 'Admin', '2020-01-20 00:00:00'),
(20, 307, 'New', '', 'Admin', '2020-01-20 00:00:00'),
(21, 308, 'New', '', 'Admin', '2020-01-20 00:00:00'),
(22, 309, 'New', '', 'Admin', '2020-01-01 00:00:00'),
(23, 309, 'Ongoing', '', 'Admin', '2020-01-18 00:00:00'),
(24, 309, 'Discontinuation', '', 'Admin', '2020-01-20 00:00:00'),
(25, 310, 'New', '', 'Admin', '2020-01-20 00:00:00'),
(26, 311, 'New', '', 'Admin', '2020-01-20 00:00:00'),
(27, 312, 'New', '', 'Admin', '2020-01-20 00:00:00'),
(28, 313, 'New', '', 'Admin', '2020-01-18 00:00:00'),
(29, 313, 'Ongoing', '', 'Admin', '2020-01-20 00:00:00'),
(30, 314, 'New', '', 'Admin', '2020-01-20 00:00:00'),
(31, 315, 'New', '', 'Admin', '2020-01-20 00:00:00'),
(32, 315, 'Ongoing', '', 'Admin', '2020-02-18 00:00:00'),
(33, 315, 'Success', '', 'Admin', '2020-03-02 00:00:00'),
(34, 316, 'New', '', 'Admin', '2020-02-18 00:00:00'),
(35, 316, 'Ongoing', '', 'Admin', '2020-03-02 00:00:00'),
(36, 317, 'New', '', 'Admin', '2020-02-18 00:00:00'),
(37, 317, 'Ongoing', '', 'Admin', '2020-02-23 00:00:00'),
(38, 317, 'Success', '', 'Admin', '2020-03-02 00:00:00'),
(39, 318, 'New', '', 'Admin', '2020-01-20 00:00:00'),
(40, 318, 'Ongoing', '', 'Admin', '2020-02-18 00:00:00'),
(41, 318, 'Discontinuation', '', 'Admin', '2020-03-02 00:00:00'),
(42, 319, 'New', '', 'Admin', '2020-03-02 00:00:00'),
(43, 319, 'Ongoing', '', 'Admin', '2020-05-02 00:00:00'),
(44, 320, 'New', '', 'Admin', '2020-03-02 00:00:00'),
(45, 320, 'Ongoing', '', 'Admin', '2020-05-02 00:00:00'),
(46, 321, 'New', '', 'Admin', '2020-03-02 00:00:00'),
(47, 321, 'Ongoing', '', 'Admin', '2020-05-02 00:00:00'),
(48, 322, 'New', '', 'Admin', '2020-03-02 00:00:00'),
(49, 322, 'Ongoing', '', 'Admin', '2020-05-02 00:00:00'),
(50, 322, 'Discontinuation', '', 'Admin', '2020-06-02 00:00:00'),
(51, 323, 'New', '', 'Admin', '2020-03-02 00:00:00'),
(52, 323, 'Ongoing', '', 'Admin', '2020-05-02 00:00:00'),
(53, 323, 'Discontinuation', '', 'Admin', '2020-06-02 00:00:00'),
(54, 324, 'New', '', 'Admin', '2020-03-02 00:00:00'),
(55, 325, 'New', '', 'Admin', '2020-03-02 00:00:00'),
(56, 326, 'New', '', 'Admin', '2020-04-02 00:00:00'),
(57, 326, 'Ongoing', '', 'Admin', '2020-04-02 00:00:00'),
(58, 326, 'Discontinuation', '', 'Admin', '2020-05-02 00:00:00'),
(59, 327, 'New', '', 'Admin', '2020-04-02 00:00:00'),
(60, 327, 'Ongoing', '', 'Admin', '2020-04-02 00:00:00'),
(61, 328, 'New', '', 'Admin', '2020-05-02 00:00:00'),
(62, 328, 'Ongoing', '', 'Admin', '2020-05-02 00:00:00'),
(63, 328, 'Discontinuation', '', 'Admin', '2020-06-02 00:00:00'),
(64, 329, 'New', '', 'Admin', '2020-05-02 00:00:00'),
(65, 330, 'New', '', 'Admin', '2020-06-02 00:00:00'),
(66, 330, 'Ongoing', '', 'Admin', '2020-06-02 00:00:00'),
(67, 331, 'New', '', 'Admin', '2020-06-02 00:00:00'),
(68, 332, 'New', '', 'Admin', '2020-02-02 00:00:00'),
(69, 332, 'Ongoing', '', 'Admin', '2020-02-02 00:00:00'),
(70, 332, 'Success', '', 'Admin', '2020-04-02 00:00:00'),
(71, 333, 'New', '', 'Admin', '2020-02-02 00:00:00'),
(72, 333, 'Ongoing', '', 'Admin', '2020-02-02 00:00:00'),
(73, 333, 'Success', '', 'Admin', '2020-04-02 00:00:00'),
(74, 334, 'New', '', 'Admin', '2020-02-02 00:00:00'),
(75, 334, 'Ongoing', '', 'Admin', '2020-02-02 00:00:00'),
(76, 335, 'New', '', 'Admin', '2020-02-02 00:00:00'),
(77, 335, 'Ongoing', '', 'Admin', '2020-02-02 00:00:00'),
(78, 335, 'Success', '', 'Admin', '2020-04-02 00:00:00'),
(79, 336, 'New', '', 'Admin', '2020-02-13 00:00:00'),
(80, 337, 'New', '', 'Admin', '2020-01-13 00:00:00'),
(81, 337, 'Ongoing', '', 'Admin', '2020-02-01 00:00:00'),
(82, 337, 'Success', '', 'Admin', '2020-02-13 00:00:00'),
(83, 338, 'New', '', 'Admin', '2020-01-13 00:00:00'),
(84, 338, 'Ongoing', '', 'Admin', '2020-02-01 00:00:00'),
(85, 338, 'Success', '', 'Admin', '2020-02-13 00:00:00'),
(86, 339, 'New', '', 'Admin', '2020-01-13 00:00:00'),
(87, 339, 'Ongoing', '', 'Admin', '2020-02-01 00:00:00'),
(88, 339, 'Discontinuation', '', 'Admin', '2020-02-13 00:00:00'),
(89, 340, 'New', '', 'Admin', '2020-02-13 00:00:00'),
(90, 341, 'New', '', 'Admin', '2020-02-13 00:00:00'),
(91, 342, 'New', '', 'Admin', '2020-01-13 00:00:00'),
(92, 342, 'Ongoing', '', 'Admin', '2020-02-01 00:00:00'),
(93, 342, 'Success', '', 'Admin', '2020-02-13 00:00:00'),
(94, 343, 'New', '', 'Admin', '2020-02-01 00:00:00'),
(95, 343, 'Ongoing', '', 'Admin', '2020-02-13 00:00:00'),
(96, 344, 'New', '', 'Admin', '2020-02-13 00:00:00'),
(97, 345, 'New', '', 'Admin', '2020-02-13 00:00:00'),
(98, 346, 'New', '', 'Admin', '2020-01-13 00:00:00'),
(99, 346, 'Ongoing', '', 'Admin', '2020-02-01 00:00:00'),
(100, 346, 'Discontinuation', '', 'Admin', '2020-02-13 00:00:00'),
(101, 347, 'New', '', 'Admin', '2020-01-13 00:00:00'),
(102, 347, 'Ongoing', '', 'Admin', '2020-02-01 00:00:00'),
(103, 347, 'Discontinuation', '', 'Admin', '2020-02-13 00:00:00'),
(104, 348, 'New', '', 'Admin', '2020-02-21 00:00:00'),
(105, 349, 'New', '', 'Admin', '2020-01-13 00:00:00'),
(106, 349, 'Ongoing', '', 'Admin', '2020-02-13 00:00:00'),
(107, 349, 'Success', '', 'Admin', '2020-02-22 00:00:00'),
(108, 350, 'New', '', 'Admin', '2020-02-21 00:00:00'),
(109, 350, 'Ongoing', '', 'Admin', '2020-02-22 00:00:00'),
(110, 351, 'New', '', 'Admin', '2020-01-05 00:00:00'),
(111, 351, 'Ongoing', '', 'Admin', '2020-01-06 00:00:00'),
(112, 351, 'Success', '', 'Admin', '2020-02-23 00:00:00'),
(113, 352, 'New', '', 'Admin', '2020-05-03 00:00:00'),
(114, 352, 'Ongoing', '', 'Admin', '2020-05-03 00:00:00'),
(115, 352, 'Success', '', 'Admin', '2020-06-03 00:00:00'),
(116, 353, 'New', '', 'Admin', '2020-05-03 00:00:00'),
(117, 353, 'Ongoing', '', 'Admin', '2020-05-03 00:00:00'),
(118, 354, 'New', '', 'Admin', '2020-05-03 00:00:00'),
(119, 354, 'Ongoing', '', 'Admin', '2020-05-03 00:00:00'),
(120, 355, 'New', '', 'Admin', '2020-05-03 00:00:00'),
(121, 356, 'New', '', 'Admin', '2020-05-03 00:00:00'),
(122, 356, 'Ongoing', '', 'Admin', '2020-05-03 00:00:00'),
(123, 356, 'Discontinuation', 'Patient out country', 'Admin', '2020-05-04 00:00:00'),
(124, 357, 'New', '', 'Admin', '2020-05-03 00:00:00'),
(125, 357, 'Ongoing', '', 'Admin', '2020-05-03 00:00:00'),
(126, 357, 'Success', '', 'Admin', '2020-06-03 00:00:00'),
(127, 358, 'New', '', 'Admin', '2020-05-03 00:00:00'),
(128, 358, 'Ongoing', '', 'Admin', '2020-05-03 00:00:00'),
(129, 358, 'Success', '', 'Admin', '2020-06-03 00:00:00'),
(130, 359, 'New', '', 'Admin', '2020-05-03 00:00:00'),
(131, 359, 'Ongoing', '', 'Admin', '2020-05-03 00:00:00'),
(132, 359, 'Discontinuation', 'Patient is missing', 'Admin', '2020-05-09 00:00:00'),
(133, 360, 'New', '', 'Admin', '2020-05-03 00:00:00'),
(134, 360, 'Ongoing', '', 'Admin', '2020-05-03 00:00:00'),
(135, 360, 'Success', '', 'Admin', '2020-06-03 00:00:00'),
(136, 361, 'New', '', 'Admin', '2020-05-03 00:00:00'),
(137, 361, 'Ongoing', '', 'Admin', '2020-05-03 00:00:00'),
(138, 361, 'Success', '', 'Admin', '2020-06-03 00:00:00'),
(139, 362, 'New', '', 'Admin', '2020-05-03 00:00:00'),
(140, 362, 'Ongoing', '', 'Admin', '2020-05-03 00:00:00'),
(141, 362, 'Success', '', 'Admin', '2020-06-03 00:00:00'),
(142, 363, 'New', '', 'Admin', '2020-05-03 00:00:00'),
(143, 364, 'New', '', 'Admin', '2020-05-03 00:00:00'),
(144, 364, 'Ongoing', '', 'Admin', '2020-05-03 00:00:00'),
(145, 364, 'Discontinuation', '', 'Admin', '2020-05-06 00:00:00'),
(146, 365, 'New', '', 'Admin', '2020-05-03 00:00:00'),
(147, 365, 'Ongoing', '', 'Admin', '2020-05-03 00:00:00'),
(148, 365, 'Success', '', 'Admin', '2020-06-03 00:00:00'),
(149, 366, 'New', '', 'Admin', '2020-03-13 00:00:00'),
(150, 366, 'Ongoing', '', 'Admin', '2020-03-13 00:00:00'),
(151, 367, 'New', '', 'Admin', '2020-01-13 00:00:00'),
(152, 367, 'Ongoing', '', 'Admin', '2020-01-13 00:00:00'),
(153, 367, 'Success', '', 'Admin', '2020-03-13 00:00:00'),
(154, 368, 'New', '', 'Admin', '2020-02-13 00:00:00'),
(155, 368, 'Ongoing', '', 'Admin', '2020-02-13 00:00:00'),
(156, 368, 'Discontinuation', '', 'Admin', '2020-03-13 00:00:00'),
(157, 369, 'New', '', 'Admin', '2020-03-13 00:00:00'),
(158, 369, 'Ongoing', '', 'Admin', '2020-03-13 00:00:00'),
(159, 370, 'New', '', 'Admin', '2020-01-20 00:00:00'),
(160, 370, 'Ongoing', '', 'Admin', '2020-01-20 00:00:00'),
(161, 370, 'Success', '', 'Admin', '2020-03-13 00:00:00'),
(162, 371, 'New', '', 'Admin', '2020-03-13 00:00:00'),
(163, 372, 'New', '', 'Admin', '2020-03-13 00:00:00'),
(164, 373, 'New', '', 'Admin', '2020-01-13 00:00:00'),
(165, 373, 'Ongoing', '', 'Admin', '2020-01-13 00:00:00'),
(166, 373, 'Success', '', 'Admin', '2020-03-13 00:00:00'),
(167, 374, 'New', '', 'Admin', '2020-01-13 00:00:00'),
(168, 374, 'Ongoing', '', 'Admin', '2020-01-13 00:00:00'),
(169, 374, 'Success', '', 'Admin', '2020-03-13 00:00:00'),
(170, 375, 'New', '', 'Admin', '2020-01-13 00:00:00'),
(171, 375, 'Ongoing', '', 'Admin', '2020-01-13 00:00:00'),
(172, 375, 'Discontinuation', '', 'Admin', '2020-03-13 00:00:00'),
(173, 376, 'New', '', 'Admin', '2020-01-14 00:00:00'),
(174, 376, 'Ongoing', '', 'Admin', '2020-01-14 00:00:00'),
(175, 376, 'Success', '', 'Admin', '2020-03-14 00:00:00'),
(176, 377, 'New', '', 'Admin', '2020-03-15 00:00:00'),
(177, 377, 'Ongoing', '', 'Admin', '2020-03-15 00:00:00'),
(178, 378, 'New', '', 'Admin', '2020-01-23 00:00:00'),
(179, 378, 'Ongoing', '', 'Admin', '2020-01-23 00:00:00'),
(180, 378, 'Success', '', 'Admin', '2020-03-23 00:00:00'),
(181, 379, 'New', '', 'Admin', '2020-03-23 00:00:00'),
(182, 379, 'Ongoing', '', 'Admin', '2020-03-23 00:00:00'),
(183, 380, 'New', '', 'Admin', '2020-03-26 00:00:00'),
(184, 381, 'New', '', 'Admin', '2020-06-04 00:00:00'),
(185, 382, 'New', '', 'Admin', '2020-06-04 00:00:00'),
(186, 383, 'New', '', 'Admin', '2020-06-04 00:00:00'),
(187, 383, 'Ongoing', '', 'Admin', '2020-06-04 00:00:00'),
(188, 383, 'Discontinuation', '', 'Admin', '2020-06-06 00:00:00'),
(189, 384, 'New', '', 'Admin', '2020-04-19 00:00:00'),
(190, 385, 'New', '', 'Admin', '2020-02-20 00:00:00'),
(191, 385, 'Ongoing', '', 'Admin', '2020-02-20 00:00:00'),
(192, 385, 'Discontinuation', '', 'Admin', '2020-04-20 00:00:00'),
(193, 386, 'New', '', 'Admin', '2020-02-20 00:00:00'),
(194, 386, 'Ongoing', '', 'Admin', '2020-02-20 00:00:00'),
(195, 386, 'Discontinuation', '', 'Admin', '2020-04-20 00:00:00'),
(196, 387, 'New', '', 'Admin', '2020-04-20 00:00:00'),
(197, 388, 'New', '', 'Admin', '2020-01-21 00:00:00'),
(198, 388, 'Ongoing', '', 'Admin', '2020-01-21 00:00:00'),
(199, 388, 'Success', '', 'Admin', '2020-04-21 00:00:00'),
(200, 389, 'New', '', 'Admin', '2020-02-20 00:00:00'),
(201, 389, 'Ongoing', '', 'Admin', '2020-02-20 00:00:00'),
(202, 389, 'Discontinuation', '', 'Admin', '2020-04-21 00:00:00'),
(203, 390, 'New', '', 'Admin', '2020-01-21 00:00:00'),
(204, 390, 'Ongoing', '', 'Admin', '2020-01-21 00:00:00'),
(205, 390, 'Success', '', 'Admin', '2020-04-23 00:00:00'),
(206, 391, 'New', '', 'Admin', '2020-04-23 00:00:00'),
(207, 392, 'New', '', 'Admin', '2020-04-26 00:00:00'),
(208, 392, 'Ongoing', '', 'Admin', '2020-04-26 00:00:00'),
(209, 393, 'New', '', 'Admin', '2020-01-21 00:00:00'),
(210, 393, 'Ongoing', '', 'Admin', '2020-01-21 00:00:00'),
(211, 393, 'Success', '', 'Admin', '2020-04-26 00:00:00'),
(212, 394, 'New', '', 'Admin', '2020-04-26 00:00:00'),
(213, 394, 'Ongoing', '', 'Admin', '2020-04-26 00:00:00'),
(214, 395, 'New', '', 'Admin', '2020-04-23 00:00:00'),
(215, 395, 'Ongoing', '', 'Admin', '2020-04-23 00:00:00'),
(216, 396, 'New', '', 'Admin', '2020-01-21 00:00:00'),
(217, 396, 'Ongoing', '', 'Admin', '2020-01-21 00:00:00'),
(218, 396, 'Success', '', 'Admin', '2020-04-26 00:00:00'),
(219, 399, 'Ongoing', '', 'Admin, Anonymous', '2020-06-23 22:15:55'),
(220, 397, 'Ongoing', '', 'Admin, Anonymous', '2020-06-23 22:16:24'),
(221, 395, 'New', '', 'Admin, Anonymous', '2020-06-24 00:48:33'),
(222, 399, 'New', '', 'Admin, Anonymous', '2020-06-24 00:49:34'),
(223, 397, 'New', '', 'Admin, Anonymous', '2020-06-24 00:49:51'),
(224, 405, 'New', NULL, 'Admin, Anonymous', '2020-07-06 14:59:39'),
(225, 405, 'Ongoing', '', 'Admin, Anonymous', '2020-07-06 15:00:03'),
(226, 405, 'Success', 'Success', 'Admin, Anonymous', '2020-07-06 15:00:17'),
(227, 406, 'New', NULL, 'Admin, Anonymous', '2020-07-06 15:11:42');

-- --------------------------------------------------------

--
-- Table structure for table `patient_medicine`
--

CREATE TABLE `patient_medicine` (
  `id` int(11) NOT NULL,
  `uid` int(11) NOT NULL,
  `medicineid` int(11) NOT NULL,
  `dosage` varchar(20) NOT NULL,
  `pieces` varchar(20) NOT NULL,
  `date_added` date DEFAULT NULL,
  `is_active` enum('Y','N') NOT NULL DEFAULT 'Y'
) ENGINE=InnoDB DEFAULT CHARSET=utf8mb4;

--
-- Dumping data for table `patient_medicine`
--

INSERT INTO `patient_medicine` (`id`, `uid`, `medicineid`, `dosage`, `pieces`, `date_added`, `is_active`) VALUES
(1, 394, 20, '10 mg', '320', '2020-06-13', 'Y'),
(2, 394, 21, '10 mg', '320', '2020-06-13', 'Y'),
(3, 394, 22, '10 mg', '320', '2020-06-13', 'Y'),
(4, 394, 23, '10 mg', '320', '2020-06-13', 'Y'),
(5, 394, 24, '10 mg', '320', '2020-06-13', 'Y'),
(6, 392, 20, '10 mg', '12', '2020-06-13', 'Y'),
(7, 392, 21, '5 mg', '12', '2020-06-13', 'Y'),
(8, 392, 22, '10 mg', '12', '2020-06-13', 'Y'),
(9, 392, 23, '5 mg', '12', '2020-06-13', 'Y'),
(10, 392, 24, '5 mg', '12', '2020-06-13', 'Y'),
(11, 384, 20, '10 mg', '22', '2020-06-13', 'Y'),
(12, 384, 21, '15 mg', '12', '2020-06-13', 'Y'),
(13, 384, 22, '10 mg', '12', '2020-06-13', 'Y'),
(14, 384, 23, '5 mg', '2', '2020-06-13', 'Y'),
(15, 384, 24, '5 mg', '2', '2020-06-13', 'Y'),
(16, 387, 20, '5 mg', '10', '2020-06-15', 'Y'),
(17, 387, 21, '5 mg', '10', '2020-06-15', 'Y'),
(18, 387, 22, '5 mg', '10', '2020-06-15', 'Y'),
(19, 387, 23, '5 mg', '10', '2020-06-15', 'Y'),
(20, 387, 24, '5 mg', '10', '2020-06-15', 'Y'),
(21, 382, 20, '5 mg', '30', '2020-06-15', 'Y'),
(22, 382, 21, '5 mg', '30', '2020-06-15', 'Y'),
(23, 382, 22, '5 mg', '30', '2020-06-15', 'Y'),
(24, 382, 23, '5 mg', '30', '2020-06-15', 'Y'),
(25, 382, 24, '5 mg', '30', '2020-06-15', 'Y'),
(26, 397, 20, '5 mg', '5', '2020-06-16', 'N'),
(27, 397, 21, '5 mg', '5', '2020-06-16', 'N'),
(28, 397, 22, '5 mg', '5', '2020-06-16', 'N'),
(29, 397, 23, '5 mg', '5', '2020-06-16', 'N'),
(30, 397, 24, '5 mg', '5', '2020-06-16', 'N'),
(31, 377, 20, '5 mg', '10', '2020-06-16', 'Y'),
(32, 377, 21, '5 mg', '10', '2020-06-16', 'Y'),
(33, 377, 22, '5 mg', '10', '2020-06-16', 'Y'),
(34, 377, 23, '5 mg', '10', '2020-06-16', 'Y'),
(35, 377, 24, '5 mg', '10', '2020-06-16', 'Y'),
(36, 399, 20, '5 mg', '5', '2020-06-16', 'N'),
(37, 399, 21, '5 mg', '5', '2020-06-16', 'N'),
(38, 399, 22, '5 mg', '5', '2020-06-16', 'N'),
(39, 399, 23, '5 mg', '5', '2020-06-16', 'N'),
(40, 399, 24, '5 mg', '5', '2020-06-16', 'N'),
(41, 371, 20, '10 mg', '10', '2020-06-16', 'Y'),
(42, 371, 21, '10 mg', '10', '2020-06-16', 'Y'),
(43, 371, 22, '10 mg', '10', '2020-06-16', 'Y'),
(44, 371, 23, '10 mg', '10', '2020-06-16', 'Y'),
(45, 371, 24, '10 mg', '10', '2020-06-16', 'Y'),
(46, 391, 20, '5 mg', '10', '2020-06-19', 'Y'),
(47, 391, 21, '5 mg', '10', '2020-06-19', 'Y'),
(48, 391, 22, '5 mg', '10', '2020-06-19', 'Y'),
(49, 391, 23, '5 mg', '10', '2020-06-19', 'Y'),
(50, 391, 24, '5 mg', '10', '2020-06-19', 'Y'),
(51, 381, 20, '10 mg', '10', '2020-06-19', 'Y'),
(52, 381, 21, '10 mg', '10', '2020-06-19', 'Y'),
(53, 381, 22, '10 mg', '10', '2020-06-19', 'Y'),
(54, 381, 23, '10 mg', '10', '2020-06-19', 'Y'),
(55, 381, 24, '10 mg', '10', '2020-06-19', 'Y'),
(56, 348, 20, '5 mg', '15', '2020-06-19', 'Y'),
(57, 348, 21, '5 mg', '15', '2020-06-19', 'Y'),
(58, 348, 22, '5 mg', '15', '2020-06-19', 'Y'),
(59, 348, 23, '5 mg', '15', '2020-06-19', 'Y'),
(60, 348, 24, '5 mg', '15', '2020-06-19', 'Y'),
(61, 350, 20, '10 mg', '15', '2020-06-19', 'Y'),
(62, 350, 21, '10 mg', '15', '2020-06-19', 'Y'),
(63, 350, 22, '10 mg', '15', '2020-06-19', 'Y'),
(64, 350, 23, '10 mg', '15', '2020-06-19', 'Y'),
(65, 350, 24, '10 mg', '15', '2020-06-19', 'Y'),
(66, 355, 20, '5 mg', '10', '2020-06-19', 'Y'),
(67, 355, 21, '5 mg', '10', '2020-06-19', 'Y'),
(68, 355, 22, '5 mg', '10', '2020-06-19', 'Y'),
(69, 355, 23, '5 mg', '10', '2020-06-19', 'Y'),
(70, 355, 24, '5 mg', '10', '2020-06-19', 'Y'),
(71, 398, 20, '10 mg', '10', '2020-06-23', 'Y'),
(72, 398, 21, '10 mg', '10', '2020-06-23', 'Y'),
(73, 398, 22, '10 mg', '10', '2020-06-23', 'Y'),
(74, 398, 23, '10 mg', '10', '2020-06-23', 'Y'),
(75, 398, 24, '10 mg', '10', '2020-06-23', 'Y'),
(76, 400, 20, '15 mg', '360', '2020-06-23', 'Y'),
(77, 400, 21, '15 mg', '360', '2020-06-23', 'Y'),
(78, 400, 22, '15 mg', '360', '2020-06-23', 'Y'),
(79, 400, 23, '15 mg', '360', '2020-06-23', 'Y'),
(80, 400, 24, '15 mg', '360', '2020-06-23', 'Y'),
(81, 395, 20, '5 mg', '300', '2020-06-24', 'Y'),
(82, 395, 21, '10 mg', '300', '2020-06-24', 'Y'),
(83, 395, 22, '10 mg', '300', '2020-06-24', 'Y'),
(84, 395, 23, '10 mg', '300', '2020-06-24', 'Y'),
(85, 395, 24, '5 mg', '300', '2020-06-24', 'Y'),
(86, 380, 20, '10 mg', '60', '2020-06-25', 'Y'),
(87, 380, 21, '10 mg', '60', '2020-06-25', 'Y'),
(88, 380, 22, '10 mg', '60', '2020-06-25', 'Y'),
(89, 380, 23, '10 mg', '60', '2020-06-25', 'Y'),
(90, 380, 24, '10 mg', '60', '2020-06-25', 'Y'),
(91, 401, 20, '5 mg', '60', '2020-07-06', 'Y'),
(92, 401, 21, '5 mg', '60', '2020-07-06', 'Y'),
(93, 401, 22, '5 mg', '60', '2020-07-06', 'Y'),
(94, 401, 23, '5 mg', '60', '2020-07-06', 'Y'),
(95, 401, 24, '5 mg', '60', '2020-07-06', 'Y');

-- --------------------------------------------------------

--
-- Table structure for table `specializations`
--

CREATE TABLE `specializations` (
  `id` int(11) NOT NULL,
  `type` varchar(50) NOT NULL
) ENGINE=InnoDB DEFAULT CHARSET=utf8mb4;

--
-- Dumping data for table `specializations`
--

INSERT INTO `specializations` (`id`, `type`) VALUES
(1, 'Family Physician'),
(2, 'Infectious Disease Physician'),
(3, 'Internal Medicine Physician'),
(4, 'Pediatrician'),
(5, 'Obstetrician/Gynecologist'),
(6, 'Surgeon'),
(7, 'Psychiatrist'),
(8, 'Cardiologist'),
(9, 'Dermatologist'),
(10, 'Endocrinologist'),
(11, 'Gastroenterologist'),
(12, 'Nephrologist'),
(13, 'Opthalmologist'),
(14, 'Otolaryngologist'),
(15, 'Pulmonologist'),
(16, 'Neurologist'),
(17, 'Physician Executive'),
(18, 'Radiologist'),
(19, 'Anesthesiologist'),
(20, 'Oncologist');

-- --------------------------------------------------------

--
-- Table structure for table `sub_specializations`
--

CREATE TABLE `sub_specializations` (
  `id` int(11) NOT NULL,
  `uid` int(11) NOT NULL,
  `sub_type` varchar(100) NOT NULL
) ENGINE=InnoDB DEFAULT CHARSET=utf8mb4;

--
-- Dumping data for table `sub_specializations`
--

INSERT INTO `sub_specializations` (`id`, `uid`, `sub_type`) VALUES
(1, 8, 'Cardiac Catherization'),
(2, 8, 'Cardiac Radiology'),
(3, 8, 'Cardiac Rehabilitation'),
(4, 8, 'Cardiovascular Critical Care'),
(5, 8, 'Echocardiography'),
(6, 8, 'Electrophysiology & Cardiac Pacing'),
(7, 8, 'Hypertension'),
(8, 8, 'Interventional Cardiology'),
(9, 8, 'Invasive Cardiology'),
(10, 8, 'Non-Invasive Cardiac Imaging'),
(11, 8, 'Nuclear Cardiology'),
(12, 8, 'Peripheral & Vascular Intervention'),
(13, 8, 'Peripheral & Vascular Medicine');

-- --------------------------------------------------------

--
-- Table structure for table `time_intake`
--

CREATE TABLE `time_intake` (
  `id` int(11) NOT NULL,
  `uid` int(11) NOT NULL,
  `intakedays` varchar(200) NOT NULL,
  `intaketime` varchar(200) NOT NULL,
  `is_active` enum('Y','N') NOT NULL DEFAULT 'Y'
) ENGINE=InnoDB DEFAULT CHARSET=utf8mb4;

-- --------------------------------------------------------

--
-- Table structure for table `users`
--

CREATE TABLE `users` (
  `id` int(11) NOT NULL,
  `firstname` varchar(50) DEFAULT NULL,
  `middlename` varchar(50) DEFAULT NULL,
  `lastname` varchar(50) DEFAULT NULL,
  `birthdate` date DEFAULT NULL,
  `gender` varchar(10) NOT NULL,
  `contact_number` varchar(20) NOT NULL,
  `licensenumber` varchar(10) DEFAULT NULL,
  `specialization` varchar(100) DEFAULT NULL,
  `subspecialization` varchar(100) DEFAULT NULL,
  `clinic_name` varchar(200) NOT NULL,
  `clinic_address` varchar(200) NOT NULL,
  `email` varchar(50) NOT NULL,
  `password` varchar(100) NOT NULL,
  `usertype` int(1) NOT NULL,
  `token` text,
  `is_active` enum('Y','N') NOT NULL,
  `image_path` varchar(100) DEFAULT NULL
) ENGINE=InnoDB DEFAULT CHARSET=utf8mb4;

--
-- Dumping data for table `users`
--

INSERT INTO `users` (`id`, `firstname`, `middlename`, `lastname`, `birthdate`, `gender`, `contact_number`, `licensenumber`, `specialization`, `subspecialization`, `clinic_name`, `clinic_address`, `email`, `password`, `usertype`, `token`, `is_active`, `image_path`) VALUES
(1, 'Anonymous', 'Test', 'Admin', '1995-05-22', 'Male', '+639012345678', '2165723', 'test', '', 'Bagong Silang Health Center', 'Mandaluyong Street', 'admin@gmail.com', '0e80d388c94b6f9a9a64242602842df1', 1, 'gsHawgTw12FGaghajaj124', 'Y', ''),
(2, 'Edward', 'George', 'Armstrong', '1995-05-22', 'Male', '', NULL, NULL, '', '', '', '', '', 2, NULL, 'N', ''),
(3, 'Charles', NULL, 'Burton', '1995-05-22', 'Male', '', NULL, NULL, '', '', '', '', '', 2, NULL, 'N', ''),
(4, 'Martin', NULL, 'Arrowsmith', '1995-05-22', 'Male', '', NULL, 'Dermatologist', '', '', '', '', '', 2, NULL, 'N', ''),
(5, 'Allen Marie', 'Generan', 'Galo', '1995-02-05', 'Female', '09000000000', '0000000', 'Cardiologist', 'Cardiac Catherization', 'Bagong Silang Health Center', 'Mandaluyong Street', 'amgeneran@gmail.com', '0e80d388c94b6f9a9a64242602842df1', 2, 'FUjRWvPfNfGd8QSRRBNKYW', 'Y', 'http://localhost/ohms/api/uploads/Doctors/5.jpeg'),
(14, 'test', 'test', 'test', '2020-01-24', 'Male', '+639000000000', '0', 'Pediatrician', '', '', '', 'test@gmail.com', '0e80d388c94b6f9a9a64242602842df1', 1, '8YBBNSSUWZWYugYVBPHQRd', 'Y', ''),
(15, 'Joseph', 'Aquino', 'Dela Rosa', '1987-01-15', 'Male', '+639055001232', '1123451', 'Cardiologist', 'null', 'Test Clinic', '#0 M. Vasqueze Street, Harapin ang bukas, Mandaluyong city', 'joseph.delarosa@gmail.com', 'df7d79dbb22016a8ff793b6fa0004603', 2, 'ZqWJbwhPZZmDSX8gZpFgPq', 'Y', 'http://122.53.152.8/ohms/api/uploads/Doctors/15.jpeg'),
(16, 'Dave', 'B', 'Go', '1982-09-24', 'Male', '09234212324', '1234567', 'Cardiologist', NULL, 'Daang Bakal Clinic Center', 'Daang Bakal Mandaluyong City', 'Dave@gmail.com', '33082bfa5ce7f21f9ae88b78d3678b32', 2, 'teNs5BrkY5r4fnxe6PpzCN', 'Y', NULL),
(17, 'Charles', 'Osmac', 'Brown', '1985-01-25', 'Male', '09091234567', '0726452', 'Cardiologist', 'Cardiac Radiology', 'Brown Clinic', 'M. Vasquez St., Harapin Ang bukas', 'charlesbrown@gmail.com', 'ea91750c497324212d95fefbbd849674', 2, '7GX32QekKmKYZkT8ym2sjq', 'Y', NULL),
(18, 'Nicole', 'A', 'Go', '1981-03-06', 'Female', '09203421432', '1123323', 'Cardiologist', NULL, 'Harapin ang Bukas Health Center', 'Harapin ang Bukas Health Center Mandaluyong City', 'Nicole@gmail.com', 'fafbd2979b2f0f3e557424ddf98583cd', 2, 'yShrXd3cjcVSCEGzAbBHdZ', 'Y', NULL);

--
-- Indexes for dumped tables
--

--
-- Indexes for table `barangay`
--
ALTER TABLE `barangay`
  ADD PRIMARY KEY (`id`);

--
-- Indexes for table `diagnostic_logs`
--
ALTER TABLE `diagnostic_logs`
  ADD PRIMARY KEY (`id`);

--
-- Indexes for table `doctor_schedule`
--
ALTER TABLE `doctor_schedule`
  ADD PRIMARY KEY (`id`),
  ADD UNIQUE KEY `uid` (`uid`);

--
-- Indexes for table `medicines`
--
ALTER TABLE `medicines`
  ADD PRIMARY KEY (`id`);

--
-- Indexes for table `messages`
--
ALTER TABLE `messages`
  ADD PRIMARY KEY (`id`);

--
-- Indexes for table `patients`
--
ALTER TABLE `patients`
  ADD PRIMARY KEY (`id`),
  ADD KEY `firstname` (`firstname`),
  ADD KEY `middlename` (`middlename`),
  ADD KEY `lastname` (`lastname`),
  ADD KEY `consultationdate` (`consultationdate`);

--
-- Indexes for table `patient_intake`
--
ALTER TABLE `patient_intake`
  ADD PRIMARY KEY (`id`);

--
-- Indexes for table `patient_logs`
--
ALTER TABLE `patient_logs`
  ADD PRIMARY KEY (`id`);

--
-- Indexes for table `patient_medicine`
--
ALTER TABLE `patient_medicine`
  ADD PRIMARY KEY (`id`);

--
-- Indexes for table `specializations`
--
ALTER TABLE `specializations`
  ADD PRIMARY KEY (`id`);

--
-- Indexes for table `sub_specializations`
--
ALTER TABLE `sub_specializations`
  ADD PRIMARY KEY (`id`);

--
-- Indexes for table `users`
--
ALTER TABLE `users`
  ADD PRIMARY KEY (`id`);

--
-- AUTO_INCREMENT for dumped tables
--

--
-- AUTO_INCREMENT for table `barangay`
--
ALTER TABLE `barangay`
  MODIFY `id` int(11) NOT NULL AUTO_INCREMENT, AUTO_INCREMENT=28;
--
-- AUTO_INCREMENT for table `diagnostic_logs`
--
ALTER TABLE `diagnostic_logs`
  MODIFY `id` int(11) NOT NULL AUTO_INCREMENT, AUTO_INCREMENT=23;
--
-- AUTO_INCREMENT for table `doctor_schedule`
--
ALTER TABLE `doctor_schedule`
  MODIFY `id` int(11) NOT NULL AUTO_INCREMENT, AUTO_INCREMENT=5;
--
-- AUTO_INCREMENT for table `medicines`
--
ALTER TABLE `medicines`
  MODIFY `id` int(11) NOT NULL AUTO_INCREMENT, AUTO_INCREMENT=32;
--
-- AUTO_INCREMENT for table `messages`
--
ALTER TABLE `messages`
  MODIFY `id` int(11) NOT NULL AUTO_INCREMENT, AUTO_INCREMENT=18;
--
-- AUTO_INCREMENT for table `patients`
--
ALTER TABLE `patients`
  MODIFY `id` int(11) NOT NULL AUTO_INCREMENT, AUTO_INCREMENT=407;
--
-- AUTO_INCREMENT for table `patient_intake`
--
ALTER TABLE `patient_intake`
  MODIFY `id` int(11) NOT NULL AUTO_INCREMENT, AUTO_INCREMENT=778;
--
-- AUTO_INCREMENT for table `patient_logs`
--
ALTER TABLE `patient_logs`
  MODIFY `id` int(11) NOT NULL AUTO_INCREMENT, AUTO_INCREMENT=228;
--
-- AUTO_INCREMENT for table `patient_medicine`
--
ALTER TABLE `patient_medicine`
  MODIFY `id` int(11) NOT NULL AUTO_INCREMENT, AUTO_INCREMENT=96;
--
-- AUTO_INCREMENT for table `specializations`
--
ALTER TABLE `specializations`
  MODIFY `id` int(11) NOT NULL AUTO_INCREMENT, AUTO_INCREMENT=21;
--
-- AUTO_INCREMENT for table `sub_specializations`
--
ALTER TABLE `sub_specializations`
  MODIFY `id` int(11) NOT NULL AUTO_INCREMENT, AUTO_INCREMENT=14;
--
-- AUTO_INCREMENT for table `users`
--
ALTER TABLE `users`
  MODIFY `id` int(11) NOT NULL AUTO_INCREMENT, AUTO_INCREMENT=19;
/*!40101 SET CHARACTER_SET_CLIENT=@OLD_CHARACTER_SET_CLIENT */;
/*!40101 SET CHARACTER_SET_RESULTS=@OLD_CHARACTER_SET_RESULTS */;
/*!40101 SET COLLATION_CONNECTION=@OLD_COLLATION_CONNECTION */;
